School Name,Address
RESEDA HS,18230 KITTRIDGE ST RESEDA 91335
SOCES MAG,18605 ERWIN ST RESEDA 91335
VANALDEN ES,19019 DELANO ST RESEDA 91335
CALVERT CHRTR FOR ENR STUDIES,19850 DELANO ST WOODLAND HILLS 91367
NORTHRIDGE MS,17960 CHASE ST NORTHRIDGE 91325
STAGG ES,7839 AMESTOY AVE VAN NUYS 91406
LORNE ES,17440 LORNE ST NORTHRIDGE 91325
ANATOLA ES,7364 ANATOLA AVE VAN NUYS 91406
LEMAY ES,17520 VANOWEN ST VAN NUYS 91406
MULHOLLAND MS,17120 VANOWEN ST VAN NUYS 91406
GARDEN GROVE ES,18141 VALERIO ST RESEDA 91335
PARTHENIA ES,16825 NAPA ST NORTH HILLS 91343
LANGDON ES,8817 LANGDON AVE NORTH HILLS 91343
FULTON COLLEGE PREP,7477 KESTER AVE VAN NUYS 91405
SYLVAN PARK ES,6238 NOBLE AVE VAN NUYS 91411
BASSETT ES,15756 BASSETT ST VAN NUYS 91406
COHASSET ES,15810 SATICOY ST VAN NUYS 91406
SATICOY ES,7850 ETHEL AVE NO HOLLYWOOD 91605
STRATHERN ES,7939 ST CLAIR AVE NO HOLLYWOOD 91605
POLYTECHNIC HS,12431 ROSCOE BLVD SUN VALLEY 91352
ARMINTA ES,11530 STRATHERN ST NO HOLLYWOOD 91605
CAMELLIA ES,7451 CAMELLIA AVE NO HOLLYWOOD 91605
SUN VALLEY ET MAG,7330 BAKMAN AVE SUN VALLEY 91352
FAIR ES,6501 FAIR AVE NO HOLLYWOOD 91606
VICTORY ES,6315 RADFORD AVE NO HOLLYWOOD 91606
VAN DEENE ES,826 W JAVELIN ST TORRANCE 90502
CAROLDALE LC,22424 CAROLDALE AVE CARSON 90745
CARSON HS,22328 S MAIN ST CARSON 90745
LEAPWOOD ES,19302 LEAPWOOD AVE CARSON 90746
ANNALEE ES,19410 S ANNALEE AVE CARSON 90746
LOMITA MATH/SCI MAG,2211 W 247TH ST LOMITA 90717
ESHELMAN ES,25902 ESHELMAN AV LOMITA 90717
NARBONNE HS,24300 S WESTERN AVE HARBOR CITY 90710
DODSON MS,28014 MONTEREINA DR RANCHO PALOS VERDES 90275
PARK WESTERN ES,1214 PARK WESTERN SAN PEDRO 90732
WILLENBERG SP ED CTR,308 WEYMOUTH AVE SAN PEDRO 90731
7TH ST ES,1570 W SEVENTH ST SAN PEDRO 90732
SOUTH SHORES PER ARTS MG,2060 W 35TH ST SAN PEDRO 90732
TAPER ES,1824 TAPER AVE SAN PEDRO 90731
BARTON HILL ES,423 N PACIFIC AVE SAN PEDRO 90731
CABRILLO ES,732 S CABRILLO AVE SAN PEDRO 90731
DANA MS,1501 S CABRILLO AVE SAN PEDRO 90731
15TH ST ES,1527 S MESA ST SAN PEDRO 90731
LELAND ES,2120 S LELAND ST SAN PEDRO 90731
WHITE POINT ES,1410 SILVIUS AVE SAN PEDRO 90731
POINT FERMIN ES MAR SCI MAG,3333 KERCKHOFF AVE SAN PEDRO 90731
CRENSHAW STEMM MAG,5010 11TH AVE LOS ANGELES 90043
SYLMAR HS,13050 BORDEN AVE SYLMAR 91342
BIRMINGHAM HS,17000 HAYNES ST VAN NUYS 91406
NORTH HOLLYWOOD HS,5231 COLFAX AVE NO HOLLYWOOD 91601
COUGHLIN ES,11035 BORDEN AVE PACOIMA 91331
BROOKLYN EEC,329 N ARIZONA AVE LOS ANGELES 90022
CANOGA PARK EEC,7355 VASSAR AVE CANOGA PARK 91303
CRESCENT HTS EEC,1770 S ALVIRA ST LOS ANGELES 90035
EASTMAN EEC,1266 S GAGE AVE LOS ANGELES 90023
EL SERENO EEC,3802 PUEBLO AVE LOS ANGELES 90032
GATES EEC,2306 THOMAS ST LOS ANGELES 90031
GRAHAM EEC,8332 S ELM ST LOS ANGELES 90001
HAWAIIAN EEC,501 HAWAIIAN AVE WILMINGTON 90744
HOBART EEC,982 S SERRANO AVE LOS ANGELES 90006
HOLMES EEC,1810 E 52ND ST LOS ANGELES 90058
HOOPER EEC,1224 E 52ND ST LOS ANGELES 90011
MARVIN EEC,2341 CURSON AVE LOS ANGELES 90016
SOTO EEC,2616 E 7TH ST LOS ANGELES 90023
VINE EEC,6312 ELEANOR AVE LOS ANGELES 90038
SANTA MONICA COMM CH,1022 N VAN NESS AVE LOS ANGELES 90038
36TH ST EEC,3556 S ST ANDREWS PL LOS ANGELES 90018
BYRD MS,8401 ARLETA AVE SUN VALLEY 91352
MAGNOLIA SCIENCE ACADEMY 5,18230 KITTRIDGE ST RESEDA 91335
ANTON ES,831 N BONNIE BEACH PL LOS ANGELES 90063
CENTRAL CONT HS,716 E 14TH ST LOS ANGELES 90021
VIEW PARK CONT HS,4701 RODEO RD LOS ANGELES 90016
HIGHLAND PARK CONT HS,928 N AVE 53 LOS ANGELES 90045
GREY CONT HS,18230 KITTRIDGE ST RESEDA 91335
TRI-C COMM DAY SCHOOL,716 E 14TH ST- 2ND FL LOS ANGELES 90021
EAGLE TREE CONT HS,22628 S MAIN ST CARSON 90745
MONTEREY CONT HS,466 S FRASER AVE LOS ANGELES 90022
RISE KO HYANG MS,3020 WILSHIRE BLVD. SUITE 250 LOS ANGELES 90010
CITIZENS OF THE WORLD CHRTR 3,11561 GATEWAY BLVD LOS ANGELES 90064
CITY LANGUAGE IMMERSION CHRTR,4041 HILLCREST DR LOS ANGELES 90008
PREPA TEC LA,2665 CLARENDON AVE HUNTINGTON PARK 90255
ANIMO JEMISON CHRTR MS,12700 S. AVALON BLVD LOS ANGELES 90061
ANIMO OCHOA CHRTR MS,5156 WHITTIER BLVD LOS ANGELES 90022
GLOBAL EDUC ACAD 2,2020 OAK ST LOS ANGELES 90007
DOWNTOWN VALUE SCH,950 W WASHINGTON BLVD LOS ANGELES 90015
NORTHWEST DIST ADMIN OFF,6621 BALBOA BLVD VAN NUYS 91406
WEST DIST ADMIN OFF,11380 W GRAHAM PL LOS ANGELES 90064
EAST DIST ADMIN OFF,2151 N SOTO ST LOS ANGELES 90032
SOUTH DIST ADMIN OFF,1208 S MAGNOLIA AVE GARDENA 90247
RODIA CONT HS,2701 SEQUOIA DR SOUTH GATE 90280
NORTHEAST DIST ADMIN OFF,8401 ARLETA AVE SUN VALLEY 91352
CENTRAL DIST ADMIN OFF,333 S BEAUDRY AVE 11TH FLOOR LOS ANGELES 90071
PARENT COMM STUD SERV,1360 W TEMPLE ST LOS ANGELES 90026
4TH ST PC,469 AMALIA AVE LOS ANGELES 90022
VAUGHN NEXT CENT LC,11200 HERRICK AVE PACOIMA 91331
VAUGHN NEXT CENT LC,13421 VAUGHN ST SAN FERNANDO 91331
VAUGHN NEXT CENT LC,11505 HERRICK AVE PACOIMA 91331
PUC CALS CHRTR MS & EARLY COLLEGE HS,7350 N. FIGUEROA ST. LOS ANGELES 90041
OPEN CHARTER MAGNET,5540 W 77TH ST LOS ANGELES 90045
COMMUNITY MAGNET CHRTR,11301 BELLAGIO RD LOS ANGELES 90049
NORTH VALLEY MILITARY INST COL PREP ACAD,12105 ALLEGHENY ST SUN VALLEY 91352
ALLIANCE HEALTH SERVICES ACAD HS,10616 S WESTERN AVE LOS ANGELES 90047
ANIMO WESTSIDE CHT MS,5456 MCCONNELL AVE LOS ANGELES 90066
EQUITAS ACAD CHRTR 2,2723 W 8TH ST LOS ANGELES 90005
ALLIANCE BLOOMFIELD TECH ACAD,7907 SANTA FE AVE HUNTINGTON PARK 90255
CLEMENTE CHRTR SCHOOL,5911 WOODLAWN AVE MAYWOOD 90270
ALLIANCE 6-12 COLLEGE-READY ACAD 21,8926 SUNLAND BLVD SUN VALLEY 91352
CITY HIGH,4650 W OLYMPIC BLVD LOS ANGELES 90019
COLLEGIATE CHRTR HS OF LA,312 N RECORD AVE LOS ANGELES 90063
EAST COLLEGE PREP,3825 N MISSION RD LOS ANGELES 90031
EQUITAS ACAD CHRTR 3,2723 W 8TH ST LOS ANGELES 90005
FENTON ACAD FOR SEL,8926 SUNLAND BLVD SUN VALLEY 91352
FENTON ACAD STEM,8926 SUNLAND BLVD SUN VALLEY 91352
INGENIUM CHRTR,22250 ELKWOOD ST CANOGA PARK 91304
KIPP IGNITE ACAD,9110 S CENTRAL AVE LOS ANGELES 90002
KIPP PROMESA PREP,207 S DACOTAH ST LOS ANGELES 90063
LIBERTAS COL PREP CHRTR,3875 DUBLIN AVE LOS ANGELES 90008
PUBLIC POLICY CHRTR,1701 BROWNING BLVD LOS ANGELES 90062
RENAISSANCE ARTS ACD K-12,1816 COLORADO BLVD LOS ANGELES 90041
RESOLUTE ACAD CHRTR,1265 E 112TH ST LOS ANGELES 90059
SUMMIT PREP CHRTR,5100 S BROADWAY ST LOS ANGELES 90037
YPI VALLEY PUBLIC CHRTR HS,12540 PIERCE ST PACOIMA 91331
ALLIANCE COLLEGE-READY MS ACAD #8,113 S ROWAN AVE LOS ANGELES 90063
ESP MAG,3501 N BROADWAY LOS ANGELES 90031
ACAD FOR ENRICHED SCI,6170 LOCKHURST DR WOODLAND HILLS 91367
NO HOLLYWOOD HS ZOO BIOLOGY MAG,5231 COLFAX AVE NORTH HOLLYWOOD 91601
VENICE HS STEMM MAG,13000 VENICE BLVD LOS ANGELES 90066
VERDUGO HILLS VAPA,10625 PLAINVIEW AVE TUJUNGA 91042
CRENSHAW BET MAG,5010 11TH AVE LOS ANGELES 90043
CRENSHAW VAPA MAG,5010 11TH AVE LOS ANGELES 90043
WESM ENV NATRL SCI,7400 W MANCHESTER AVE LOS ANGELES 90045
WESM A/A G/HA MAG,7400 W MANCHESTER AVE LOS ANGELES 90045
SUN VALLEY ES MAG,7330 BAKMAN AVE SUN VALLEY 91352
TORRES ELA PERF ARTS,4211 DOZIER ST LOS ANGELES 90063
PEARL JOURNALISM MAG,6649 BALBOA BLVD LAKE BALBOA 91406
FENTON PC,11351 DRONFIELD AVE SYLMAR 91331
CROWN PREP ACAD,2055 W 24TH ST. RM 60 LOS ANGELES 90018
CAMINO NUEVO MS #3,2755 W 15TH ST LOS ANGELES 90006
PACOIMA ES,11187 DE FOE AVE PACOIMA 91331
MAGNOLIA SCI ACAD BELL,6411 ORCHARD AVE BELL 90201
AMBASSADOR SCHOOL OF GLOBAL LEADERSHIP,3400 WILSHIRE BLVD LOS ANGELES 90010
PUC EARLY COLLEGE ACAD FOR LEADERS AND SCHOLARS (ECALS),2050 SAN FERNANDO RD LOS ANGELES 90065
ALLIANCE TENNENBAUM FAMILY TECH HS,2050 SAN FERNANDO RD LOS ANGELES 90065
ANIMO COLLEGE PREP ACAD,2265 E 103RD ST LOS ANGELES 90002
SYLMAR BIOTECH ACAD,13050 BORDEN AVE LOS ANGELES 91342
BOYLE HEIGHTS HS STEM,2510 E SIXTH ST LOS ANGELES 90023
CLIFFORD M/T MAG,2150 DUANE ST LOS ANGELES 90039
MAYALL ST ACAD A/T MAG,16701 MAYALL ST NORTH HILLS 91343
ACAD OF MED ARTS AT CARSON HS,22328 S MAIN ST CARSON 90745
ACADEMIC LEADERSHIP COMMUNITY,322 S LUCAS AVE LOS ANGELES 90017
ANGELOU COMM HS - FINE & PERFORMING ARTS ACAD,300 E 53RD ST LOS ANGELES 90011
BANNING HS CIS,1527 LAKME AVE WILMINGTON 90744
CARSON ACAD ED AND EMP,22328 S MAIN ST CARSON 90745
CHAVEZ LA - ARTES,1001 ARROYO AVE SAN FERNANDO 91340
CHAVEZ LA - ASE,1001 ARROYO AVE SAN FERNANDO 91340
CHAVEZ LA - SJ HUM ACAD,1001 ARROYO AVE SAN FERNANDO 91340
HARTS ACAD OF LA,24300 S WESTERN AVE HARBOR CITY 90710
LA GLOBAL STUDIES,322 S LUCAS AVE LOS ANGELES 90017
LA HS FOR THE ARTS,3400 WILSHIRE BLVD LOS ANGELES 90010
ORCHARD ACADEMIES #2B,3620 GAGE AVE BELL 90201
ORCHARD ACADEMIES #2C,3620 GAGE AVE BELL 90201
RIVERA LC COMMUNICATION AND TECH SCHOOL,6100 S CENTRAL AVE LOS ANGELES 90001
RIVERA LC GREEN DESIGN SCHOOL,6100 S CENTRAL AVE LOS ANGELES 90001
RIVERA LC PERFORMING ARTS COMM SCH,6100 S CENTRAL AVE LOS ANGELES 90001
ROOSEVELT HS CMNT,456 S MATHEWS ST LOS ANGELES 90033
SCHOOL FOR SOC JUST,322 S LUCAS AVE LOS ANGELES 90017
SCHOOL FOR THE VISUAL & HUMANITIES,3400 WILSHIRE BLVD LOS ANGELES 90010
SCHOOL OF HISTORY AND DRAMATIC ARTS,2050 SAN FERNANDO RD LOS ANGELES 90065
STEM AT BERNSTEIN HS,1309 N WILTON PL HOLLYWOOD 90028
TORRES ENG & TECH,4211 DOZIER ST LOS ANGELES 90063
TORRES HUM/ART/TECH,4211 DOZIER ST LOS ANGELES 90063
TORRES RENAISSANCE,4211 DOZIER ST LOS ANGELES 90063
TORRES SOC JST LDSHP,4211 DOZIER ST LOS ANGELES 90063
FENTON AVE SCHOOL,11828 GAIN ST LAKE VIEW TERRACE 91342
NAVA LA SCH BUS & TECH,1420 E ADAMS BLVD LOS ANGELES 90011
ACCELERATED ELEM,4000 S MAIN ST LOS ANGELES 90037
ALLIANCE COLLEGE-READY ACAD HS #16,1552 W ROCKWOOD ST LOS ANGELES 90026
ALLIANCE COLLEGE-READY MS ACAD #12,100 E 49TH ST LOS ANGELES 90011
ALLIANCE COLLEGE-READY MS ACAD #12,104 W 47TH PL LOS ANGELES 90011
ALLIANCE LEADERSHIP MS ACAD,2941 W 70TH ST LOS ANGELES 90043
ANIMO SOUTH LA,12226 S WESTERN AVE LOS ANGELES 90047
CAMINO NUEVO ACAD 2-HARVARD,3400 W 3RD ST LOS ANGELES 90020
CAMINO NUEVO CHRTR ACAD,653 BURLINGTON AVE LOS ANGELES 90057
CHAMPS,6818 VAN NUYS BLVD VAN NUYS 91405
CITIZENS OF THE WORLD CHRTR 2,1530 N WILTON PL LOS ANGELES 90028
CITIZENS OF THE WORLD CHRTR 2,221 N JUANITA AVE LOS ANGELES 90004
CITY LANGUAGE IMMERSION CHRTR,4400 W COLISEUM ST LOS ANGELES 90016
COMMUNITY PREP ACAD,7511 S RAYMOND AVE LOS ANGELES 90044
COMMUNITY PREP ACAD,319 E SHERMAN DR CARSON 90746
GRANADA HILLS HS,17081 DEVONSHIRE AVE GRANADA HILLS 91325
KIPP ACAD OF INNOVATION,4800 E CESAR CHAVEZ AVE LOS ANGELES 90022
KIPP ILUMINAR ACAD,4865 E 1ST ST LOS ANGELES 90022
KIPP PHILOSOPHERS ACAD,9110 S CENTRAL AVE LOS ANGELES 90002
KIPP SOL ACAD,4800 E CESAR CHAVEZ AVE LOS ANGELES 90022
MATH AND SCI COLLEGE PREP,3200 W ADAMS BLVD LOS ANGELES 90018
PUC INSPIRE CHRTR ACAD,919 N 8TH ST SAN FERNANDO 91340
PUC TRIUMPH ACAD & CHRTR HS,13361 N GLENOAKS BLVD SYLMAR 91342
TEACH ACAD OF TECH,10045 S WESTERN AVE LOS ANGELES 90047
TEACH TECH HS,10000 S WESTERN AVE LOS ANGELES 90047
UNIVERSITY PREP VALUE HS,700 W WILSHIRE BLVD LOS ANGELES 90017
VALLEY CHRTR MS,6952 VAN NUYS BLVD VAN NUYS 91405
VALOR ACAD CHRTR,9034 BURNET AVE NORTH HILLS 91343
WISH CHRTR MS,7615 S COWAN AVE LOS ANGELES 90045
PALISADES MTH/SCI MAG,15777 BOWDOIN ST PACIFIC PALISADES 90272
ANIMO WHEATLEY CHRTR MS,12226 S WESTERN AVE LOS ANGELES 90047
ANIMO WESTERN CHRTR MS,12226 S WESTERN AVE LOS ANGELES 90047
HASKELL STEAM MAG,15850 TULSA ST GRANADA HILLLS 91344
LOYOLA VILLAGE ES,8821 VILLANOVA AVE LOS ANGELES 90045
SAN PASCUAL ES STEAM MAG,815 SAN PASCUAL AVE LOS ANGELES 90042
WILMINGTON MS STEAM,1700 GULF AVE WILMINGTON 90744
MILLIKAN STEM MAG,5041 SUNNYSLOPE AVE SHERMAN OAKS 91423
GALA,1067 WEST BLVD LOS ANGELES 90019
EAST VALLEY SKILLS CTR,8601 ARLETA AVE SUN VALLEY 91352
VISTA DEL VALLE AC DL,12411 N BROMONT AVE LOS ANGELES 91340
PARMELEE AVE EL DL SP,1338 E 76TH PL LOS ANGELES 90001
OCHOA LC DLC SP,5057 LIVE OAK ST CUDAHY 90201
WILTON PL EL DLC KO,745 S WILTON PL LOS ANGELES 90005
MILES AVE EL DLC SP,6020 MILES AVE HUNTINGTON PARK 90255
MICHELTORENA ST EL DL,1511 MICHELTORENA LOS ANGELES 90026
MAYBERRY ST EL DL SP,2414 MAYBERRY ST LOS ANGELES 90026
GARDENA EL DLC SP,647 W GARDENA BLVD GARDENA 90247
BACA ARTS ACAD DLC SP,1536 E 89TH ST LOS ANGELES 90002
KIM EL DLC KO,255 SOUTH OXFORD AVE LOS ANGELES 90004
FLORENCE AVE EL DL SP,7211 BELL AVE LOS ANGELES 90001
PORTER RANCH SCH DLC,12450 MASON AVE PORTER RANCH 91326
RFK AMBSDR GLBL ED SP,3400 WILSHIRE BLVD LOS ANGELES 90010
MAIN ST EL DLC SP,129 E 53RD ST LOS ANGELES 90011
SANTANA ARTS ACAD DLC,9301 N COLUMBUS AVE LOS ANGELES 91343
CASTELAR ST EL DL MA,840 YALE ST LOS ANGELES 90012
28TH ST EL DLC SP,2807 STANFORD AVE LOS ANGELES 90011
PRESIDENT AVE EL DLC,1465 W 243RD ST HARBOR CITY 90710
GRAND VIEW EL DL,3951 GRAND VIEW BLVD LOS ANGELES 90066
MACK EL DLC SP,3020 S CATALINA ST LOS ANGELES 90007
BRADDOCK DR EL DL MA,4711 INGLEWOOD BL CULVER CITY 90230
ALDAMA EL DLC SP,632 N AVE 50 LOS ANGELES 90042
MIRAMONTE EL DLC SP,1400 E 68TH ST LOS ANGELES 90001
KINGSLEY EL DLC SP,5200 W VIRGINIA AVE LOS ANGELES 90029
HUNTINGTON DR EL DLC,4435 N HUNTINGTON DR LOS ANGELES 90062
RFK UCLA COMM SCH DLC,3400 WILSHIRE BLVD LOS ANGELES 90010
75TH ST EL DLC SP,142 W 75TH ST LOS ANGELES 90003
BROADWAY EL DLC MA,1015 LINCOLN BLVD VENICE 90291
EUCLID AVE EL DLC SP,806 EUCLID AVE LOS ANGELES 90023
MADISON EL DLC SP,9820 MADISON AVE LOS ANGELES 90280
MACARTHUR PK EL DL SP,2300 W 7TH ST LOS ANGELES 90057
CAHUENGA EL DLC KO,220 S HOBART BLVD LOS ANGELES 90004
ALEXANDER SCS DLC SP,3737 S FIGUEROA ST LOS ANGELES 90011
ROYBAL-ALLARD EL DLC,3232 SATURN AVE HUNTINGTON PARK 90255
FORD BLVD EL DLC SP,1112 S FORD BLVD LOS ANGELES 90022
RICHLAND AVE EL DL FR,11562 RICHLAND AVE LOS ANGELES 90064
WILLOW EL DLC SP,2777 WILLOW PL SOUTH GATE 90280
93RD ST EL DLC SP,330 E 93RD ST LOS ANGELES 90003
GATES ST EL DLC SP,3333 MANITOU AVE LOS ANGELES 90031
ESPERANZA EL DLC SP,680 LITTLE ST LOS ANGELES 90017
QUEEN ANNE PL EL DLC,1212 QUEEN ANNE PL LOS ANGELES 90019
GRIDLEY ST EL DLC SP,1907 EIGHTH ST SAN FERNANDO 91340
3RD ST EL DLC KO,201 S JUNE ST LOS ANGELES 90004
LORETO ST EL DLC SP,3408 ARROYO SECO AVE LOS ANGELES 90065
STONER AVE EL DLC SP,11735 BRADDOCK DR CULVER CITY 90230
ELIZABETH LC DLC AR,4811 ELIZABETH ST CUDAHY 90201
MAGNOLIA AVE EL DL SP,1626 S ORCHARD AV LOS ANGELES 90006
EASTMAN AVE EL DL SP,4112 E OLYMPIC BL LOS ANGELES 90023
HILLCREST DR EL DL SP,4041 HILLCREST DR LOS ANGELES 90008
MEYLER ST EL DLC SP,1123 W 223RD ST TORRANCE 90502
LOGAN ST EL DLC SP,1711 W MONTANA ST LOS ANGELES 90026
CITY TERRACE EL DL MA,4350 CITY TERRACE DR LOS ANGELES 90063
NORMANDIE AVE EL DLC,4505 S RAYMOND AVE LOS ANGELES 90037
WOODLAWN AVE EL DL SP,6314 WOODLAWN AVE BELL 90201
MONTARA AVE EL DL SP,10018 MONTARA AVE SOUTH GATE 90280
DENKER AVE EL DLC KO,1620 W 162ND ST GARDENA 90247
GRATTS LA FOR YS DLC,309 LUCAS AVE LOS ANGELES 90017
FARMDALE EL DLC SP,2660 RUTH SWIGGETT DR LOS ANGELES 90032
SAN FERNANDO EL DL SP,1130 MOTT ST SAN FERNANDO 91340
FERNANGELES EL DL SP,12001 ART ST SUN VALLEY 91352
MOUNTAIN VIEW EL DLC,6410 OLCOTT ST TUJUNGA 91042
COHASSET ST EL DL SP,15810 SATICOY ST VAN NUYS 91406
WILTON PL EL DLC SP,745 S WILTON PL LOS ANGELES 90005
RFK AMBSDR GLBL ED KO,3400 WILSHIRE BLVD LOS ANGELES 90010
KIM EL DLC KO,255 SOUTH OXFORD AVE LOS ANGELES 90004
KIM EL DLC SP,255 SOUTH OXFORD AVE LOS ANGELES 90004
CAHUENGA EL DLC KO,220 S HOBART BLVD LOS ANGELES 90004
CAHUENGA EL DLC SP,220 S HOBART BLVD LOS ANGELES 90004
BROADWAY EL DLC SP,1015 LINCOLN BLVD VENICE 90291
MAGNOLIA AVE EL DL SP,1626 S ORCHARD AV LOS ANGELES 90006
MAGNOLIA AVE EL DL SP,1626 S ORCHARD AV LOS ANGELES 90006
SAN FERNANDO EL DL SP,1130 MOTT ST SAN FERNANDO 91340
EMERSON COMM CHRTR MS,1650 SELBY AVE LOS ANGELES 90024
SHENANDOAH ES,2450 SHENANDOAH ST LOS ANGELES 90034
NIMITZ MS,6021 CARMELITA AVE HUNTINGTON PARK 90255
CAMINO NUEVO HS,1215 W MIRAMAR ST LOS ANGELES 90006
SHERMAN OAKS CHRTR,14755 GREENLEAF ST SHERMAN OAKS 91403
ARAGON ES,1118 ARAGON AVE LOS ANGELES 90065
BELL HS,4328 BELL AVE BELL 90201
VISTA DEL VALLE DL ACAD,12411 N BROMONT AVE LOS ANGELES 91340
OCEAN CHARTER SCHOOL,12606 CULVER BLVD LOS ANGELES 90066
STANFORD ES,2833 ILLINOIS AVE SOUTH GATE 90280
ALTA LOMA ES,1745 VINEYARD AVE LOS ANGELES 90019
MANCHESTER ES,661 W 87TH ST LOS ANGELES 90044
MARIPOSA-NABI PC,987 S MARIPOSA AVE LOS ANGELES 90006
GARFIELD CAS-AEWC,4343 NEW YORK AVE LOS ANGELES 90022
WALLIS ANNENBERG HIGH SCHOOL,4000 S MAIN ST LOS ANGELES 90037
BECKFORD CHRTR FOR ENRICHED STUDIES,19130 TULSA ST NORTHRIDGE 91326
GRIFFITH MS,4765 E FOURTH ST LOS ANGELES 90022
PUC COMMUNITY CHARTER MS,11500 ELDRIDGE AVE LAKEVIEW TERRACE 91342
EVANS ADLT,717 N FIGUEROA ST LOS ANGELES 90012
AUDUBON MS,4120 11TH AVE LOS ANGELES 90008
WESTSIDE GLBL AWR MAG,104 ANCHORAGE ST MARINA DEL REY 90292
PIO PICO MS,1512 S ARLINGTON AVE LOS ANGELES 90019
PARMELEE ES,1338 E 76TH PL LOS ANGELES 90001
BELVEDERE MS,312 N RECORD AVE LOS ANGELES 90063
VERMONT ES,1435 W 27TH ST LOS ANGELES 90007
MC ALISTER HS-CYESIS,611 S CARONDELET ST LOS ANGELES 90057
BSD-OPER-YALE,936 YALE ST LOS ANGELES 90012
EL SERENO MS,2839 N EASTERN AVE LOS ANGELES 90032
KNOX ES,8919 S MAIN ST LOS ANGELES 90003
BONITA ES,21929 BONITA ST CARSON 90745
EDISON MS,6500 HOOPER AVE LOS ANGELES 90001
ARLINGTON HTS ES,1717 SEVENTH AVE LOS ANGELES 90019
CENTURY PK ES,10935 S SPINNING AVE INGLEWOOD 90303
SOUTH GATE HS,3351 FIRESTONE BLVD SOUTH GATE 90280
HARBOR TEACHER PREP ACAD,1111 FIGUEROA PL WILMINGTON 90744
DELEVAN DRIVE ES,4168 W AVE 42 LOS ANGELES 90065
VALERIO ES,15035 VALERIO ST VAN NUYS 91405
PUC SANTA ROSA CHRTR ACAD,3838 EAGLE ROCK BLVD LOS ANGELES 90065
CELERITY CARDINAL CHRTR,7330 BAKMAN AVE SUN VALLEY 91352
ALLIANCE BURTON TECH HS,10101 S BROADWAY LOS ANGELES 90003
HILLSIDE ES,120 E AVE 35 LOS ANGELES 90031
DOMINGUEZ ES,21250 SANTA FE AV CARSON 90810
ROYBAL LC,1213 WEST 1ST ST LOS ANGELES 90026
CR EEC #2,421 S HILLVIEW AVE LOS ANGELES 90022
OCHOA LRNG CTR,5057 LIVE OAK ST CUDAHY 90201
PANORAMA HS,8015 VAN NUYS BLVD PANORAMA CITY 91402
VILLAGE CHARTER SCHOOL,7357 JORDAN AVE CANOGA PARK 91303
JOHNSTON CDS,2210 TAPER AVE S SAN PEDRO 90731
CITIZENS OF THE WORLD HOLLYWOOD,1316 N BRONSON AVE LOS ANGELES 90028
RANCHO DOMINGUEZ PREP SCH,4110 SANTA FE AVE LONG BEACH 90810
98TH ST ES,5431 W 98TH ST LOS ANGELES 90045
CELERITY TROIKA CHRTR,1495 COLORADO BLVD LOS ANGELES 90041
MARK TWAIN MS,2224 WALGROVE AVE LOS ANGELES 90066
INDEPENDENCE ES,8435 VICTORIA AVE SOUTH GATE 90280
HUGHES MS,5607 NORTH CAPISTRANO AVE WOODLAND HILLS 91364
WILTON PL ES,745 S WILTON PL LOS ANGELES 90005
STANFORD PC,3020 KANSAS AVE SOUTH GATE 90280
BALBOA G/HA MAG,17020 LABRADOR ST NORTHRIDGE 91325
MILES ES,6020 MILES AVE HUNTINGTON PARK 90255
PUC COMMUNITY CHRTR ES,14019 SAYER ST SYLMAR 91342
PACOIMA MS,9919 LAUREL CANYON BLVD PACOIMA 91331
HUERTA ES,260 E 31ST ST LOS ANGELES 90011
ANDASOL ES,10126 ENCINO AVE NORTHRIDGE 91325
SKL CTR-ELA,3921 SELIG PL LOS ANGELES 90033
MDCTY AD-BLMNT CM AD,1510 CAMBRIA ST LOS ANGELES 90017
SHERIDAN ST ES,416 N CORNWELL ST LOS ANGELES 90033
EARLY COLLEGE ACAD,1319 E 41ST ST LOS ANGELES 90011
CTR ADV TRANS SKILLS,15805 S BUDLONG AVE GARDENA 90247
PLASENCIA ES,1321 CORTEZ ST LOS ANGELES 90026
ARLETA HS,14200 VAN NUYS BLVD ARLETA 91331
SAN PEDRO ES,1635 S SAN PEDRO LOS ANGELES 90015
ORTHOPEDIC MED MG HS,300 W 23RD ST LOS ANGELES 90007
PORTER MS,15960 KINGSBURY ST GRANADA HILLS 91344
VALOR ACAD CHRTR HS,8015 VAN NUYS BLVD PANORAMA CITY 91402
SELLERY SP ED CTR,15805 S BUDLONG AVE GARDENA 90247
MARQUEZ HS SCH OF SOC JUSTICE,6361 COTTAGE ST HUNTINGTON PARK 90255
WESTSIDE INNOVATIVE SCHOOL HOUSE,6550 W 80TH ST LOS ANGELES 90045
CHARNOCK ROAD ES,11133 CHARNOCK RD LOS ANGELES 90034
GARDNER ES,7450 HAWTHORN AVE LOS ANGELES 90046
MARVIN ES,2411 MARVIN AVE LOS ANGELES 90016
MICHELTORENA ES,1511 MICHELTORENA LOS ANGELES 90026
116TH ST ES,11610 STANFORD AVE LOS ANGELES 90059
KIPP VIDA PREP ACAD,5101 S. WESTERN AVE. LOS ANGELES 90044
MAYBERRY ES,2414 MAYBERRY ST LOS ANGELES 90026
KING FILM/MEDIA MAG,4201 FOUNTAIN AVE LOS ANGELES 90029
NAVA COL PREP ACAD,1319 E 41ST ST LOS ANGELES 90011
VAN NUYS HS,6535 CEDROS AVE VAN NUYS 91411
BRIDGE ES,605 N BOYLE AVE LOS ANGELES 90033
SYNERGY CHARTER SCH,900 E 33RD ST LOS ANGELES 90011
DREW MS,8511 COMPTON AVE LOS ANGELES 90001
CELERITY DYAD CHRTR,4700 S CENTRAL AVE LOS ANGELES 90011
HARBOR CAS,950 W SANTA CRUZ ST SAN PEDRO 90731
SHARP ES,13800 PIERCE ST ARLETA 91331
CARSON-GORE ACAD OF ENV STUDIES,3200 W WASHINGTON BLVD LOS ANGELES 90018
WESM HLTH/SPORTS MED,7400 W MANCHESTER AVE LOS ANGELES 90045
CORTINES SCHOOL OF VPA,450 N GRAND AVE LOS ANGELES 90012
GAULT ES,17000 GAULT ST VAN NUYS 91406
HARMONY ES,898 E 42ND ST LOS ANGELES 90011
MIDDLETON PC,2410 ZOE AVE HUNTINGTON PARK 90255
LEXINGTON AVE PC,4564 W LEXINGTON AVE LOS ANGELES 90027
ANIMO RALPH BUNCHE HS,1655 NE 27TH ST STE B LOS ANGELES 90011
CARDENAS ES,6900 N CALHOUN AVE VAN NUYS 91405
GARDENA ES,647 W GARDENA BLVD GARDENA 90247
DAYTON EEC,3917 CLINTON ST LOS ANGELES 90004
ARTS AND COMMUNITY EMPOWERMENT (ArtLAB),2050 SAN FERNANDO RD LOS ANGELES 90065
STUDIO SCHOOL,2050 SAN FERNANDO RD LOS ANGELES 90065
ESTRELLA ES,120 E 57TH ST LOS ANGELES 90011
M&O AREA N-2 OFF,8960 HERRICK AVE SUN VALLEY 91352
TOLAND WAY ES,4545 TOLAND WAY LOS ANGELES 90041
MAGNOLIA SCI ACAD 3,1254 E HELMICK ST CARSON 90746
WESTERN ES,1724 W 53RD ST LOS ANGELES 90062
ELEMENTARY REGION D,6621 BALBOA BLVD VAN NUYS 91406
STERRY ES,1730 CORINTH AVE LOS ANGELES 90025
ANIMO PAT BROWN,8255 BEACH ST LOS ANGELES 90018
ALLIANCE SKIRBALL MS,603 E 115TH ST LOS ANGELES 90062
BURTON ES,8111 CALHOUN AVE PANORAMA CITY 91402
TOPEKA CHRTR,9815 TOPEKA DR NORTHRIDGE 91324
MENDEZ LC MATH/SCI,1200 PLAZA DEL SOL LOS ANGELES 90033
ASPIRE JR COLLEGIATE ACAD,6724 S ALAMEDA ST HUNTINGTON PARK 90255
ELEMENTARY REGION A,1204 MAGNOLIA AVE GARDENA 90247
M&O AREA N-1 OFF,6651- B BALBOA BLVD VAN NUYS 91406
DISCOVERY CH PREP #2,12550 VAN NUYS BLVD PACOIMA 91331
BACA ARTS ACAD,1536 E 89TH ST LOS ANGELES 90002
KNOLLWOOD PREP ACAD,11822 GERALD AVE GRANADA HILLS 91344
SAN FERNANDO EEC,1204 WOODWORTH ST SAN FERNANDO 91340
NEW MILLENNIUM SECONDARY SCHOOL,1301 W 182ND ST GARDENA 90248
DAHLIA HTS ES,5063 FLORISTAN AV LOS ANGELES 90041
EQUITAS ACAD CHRTR ES,1700 W PICO BLVD LOS ANGELES 90015
KIM ES,255 SOUTH OXFORD AVE LOS ANGELES 90004
ASPIRE CENTENNIAL COLLEGE PREP ACAD,2079 SATURN AVE HUNTINGTON PARK 90255
PORTOLA MS,18720 LINNET ST TARZANA 91356
MILLIKAN CHRTR MS,5041 SUNNYSLOPE AVE SHERMAN OAKS 91423
SUPPORT UNIT REGION 3 & 7,3710 S LA BREA AVE LOS ANGELES 90016
EVERGREEN ES,2730 GANAHL ST LOS ANGELES 90033
BROOKLYN AVE ES,4620 CESAR CHAVEZ AVE LOS ANGELES 90022
BROAD AVE ES,24815 BROAD AVE WILMINGTON 90744
232ND PL ES,23240 ARCHIBALD AVE CARSON 90745
ANIMO JEFFERSON,1655 E 27TH ST STE A LOS ANGELES 90011
NEW VILLAGE GIRLS ACAD,147 N OCCIDENTAL BLVD LOS ANGELES 90026
BERKELEY EEC,1814 BERKELEY AVE LOS ANGELES 90026
MANN MS,7001 S ST ANDREWS PL LOS ANGELES 90047
CARSON ES,161 E CARSON ST CARSON 90745
HAMASAKI ES,4865 E FIRST ST LOS ANGELES 90022
GOETHE INTERNATIONAL CHRTR,12500 BRADDOCK AVE. LOS ANGELES 90066
SYNERGY QUANTUM ACAD,300 E 53RD ST LOS ANGELES 90011
"LAWSON ES ACAD OF ARTS,MATH & SCI",929 W 69TH ST LOS ANGELES 90044
KORENSTEIN ES,7650 N BEN AVE NORTH HOLLYWOOD 91605
WILMINGTON PK ES,1140 MAHAR AVE WILMINGTON 90744
STATE ES,3211 SANTA ANA ST SOUTH GATE 90280
PARA LOS NI�OS GRATTS,474 S HARTFORD AVE LOS ANGELES 90017
MAPLE PC,3601 S MAPLE AVE LOS ANGELES 90011
LA LEADERSHIP PRI ACAD,2670 GRIFFIN AVE LOS ANGELES 90031
DOUGLASS ACAD ES,2400 S WESTERN AVE LOS ANGELES 90018
MANUAL ARTS HS,4131 S VERMONT AVE LOS ANGELES 90037
VIEW PARK PREP CH,3855 SLAUSON BLVD LOS ANGELES 90043
MARIANNA ES,4215 E GLEASON ST LOS ANGELES 90063
FLORENCE ES,7211 BELL AVE LOS ANGELES 90001
WATTS LC CHARTER SCH,310 W 95TH ST LOS ANGELES 90003
OUR COMMUNITY CH,10045 JUMILLA AVE CHATSWORTH 91311
GLEN ALTA ES,3410 SIERRA ST LOS ANGELES 90031
ALLIANCE COLLINS FAMILY COLLEGE-READY HS,2071 SATURN AVE HUNTINGTON PARK 90255
PUC MILAGRO CHRTR ES,1855 N MAIN ST LOS ANGELES 90031
BROADACRES ES,19424 S BROADACRES AVE CARSON 90746
MAGNOLIA SCI ACAD 4,11330 W GRAHAM PL B-9 LOS ANGELES 90064
MAR VISTA ES,3330 GRANVILLE AVE LOS ANGELES 90066
NEW ACADEMY - SCI & ARTS,379 S LOMA DR LOS ANGELES 90017
NEW HEIGHTS CHARTER,3989 S HOBART BLVD LOS ANGELES 90062
HART ST ES,21040 HART ST CANOGA PARK 91303
OSO ES,5724 OSO AVE WOODLAND HILLS 91364
ANNANDALE ES,6125 POPPY PEAK DR LOS ANGELES 90042
PORTER RANCH COMM SCH,12450 MASON AVE PORTER RANCH 91326
WARNER ES,615 HOLMBY AVE LOS ANGELES 90024
VIEW PARK PREP CH,3751 W 54TH ST LOS ANGELES 90043
HIGHLANDER ES,23834 HIGHLANDER WEST HILLS 91307
WEEMES ES,1260 W 36TH PL LOS ANGELES 90007
NEVIN ES,1569 E 32ND ST LOS ANGELES 90011
BELMONT HS,1575 W 2ND ST LOS ANGELES 90026
PLAYA VISTA ES,13150 W BLUFF CREEK DR LOS ANGELES 90045
MULTICULT LRN CTR,7510 DE SOTO AVE CANOGA PARK 91303
VERNON CITY ES,2360 E VERNON AVE LOS ANGELES 90058
DE LA HOYA ANIMO,1114 S. LORENA ST. LOS ANGELES 90023
CELERITY TROIKA CHRTR,6460 N FIGUEROA ST LOS ANGELES 90042
GARDENA BUS GAR,18421 HOOVER ST GARDENA 90248
M&O AREA C-2 OFF,4545 HUNTINGTON DR LOS ANGELES 90032
CARLSON HOSP (K-12),10952 WHIPPLE ST NO HOLLYWOOD 91602
LA LEADERSHIP ACADEMY,234 E AVE 33 LOS ANGELES 90031
POLITI ES,2481 W 11TH ST LOS ANGELES 90006
PARKS LRN CTR,8855 NOBLE AVE NORTH HILLS 91343
JEFFERSON HS,1319 E 41ST ST LOS ANGELES 90011
ROSCOMARE ES,2425 ROSCOMARE RD LOS ANGELES 90077
HAWKINS HS C/DAGS,825 W 60TH ST LOS ANGELES 90044
RILEY HS-CYESIS (GARDENA),1618 W 184TH GARDENA 90248
42ND ST ES,4231 FOURTH AVE LOS ANGELES 90008
FORT MAC ARTHUR ANNX,450 N GRAND AVE LOS ANGELES 90012
109TH ST ES,10915 S MC KINLEY AVE LOS ANGELES 90059
LOS ANGELES TECH CTR,3721 W WASHINGTON BLVD LOS ANGELES 90018
FAIRBURN ES,1403 FAIRBURN AVE LOS ANGELES 90024
LIGGETT ES,9373 MOONBEAM AVE PANORAMA CITY 91402
BSD-ADM OFF-SOTO ST,2011 N SOTO ST LOS ANGELES 90032
NOBLE ES,8329 NOBLE AVE NO HOLLYWOOD 91343
HUMPHREYS ES,500 S HUMPHREYS AVE LOS ANGELES 90022
BELVEDERE ES,3724 E FIRST ST LOS ANGELES 90063
NEW DESIGNS,2303 S FIGUEROA WAY LOS ANGELES 90007
AMANECER PC,832 S EASTMAN AVE LOS ANGELES 90023
SOTOMAYOR LRNG ACAD,2050 SAN FERNANDO RD LOS ANGELES 90065
DARBY AVE CHRTR,10818 DARBY AVE NORTHRIDGE 91325
CARNEGIE MS,21820 BONITA ST CARSON 90745
FRIEDMAN OCC CTR,1646 S OLIVE ST LOS ANGELES 90015
SIERRA PARK ES,3170 BUDAU AVE LOS ANGELES 90032
CHAMPS,6842 VAN NUYS BLVD VAN NUYS 91405
GRANADA HILLS HS,10535 ZELZAH AVE GRANADA HILLS 91344
HOLMES ES,5108 HOLMES AVE LOS ANGELES 90058
MCBRIDE SP ED CTR,3960 CENTINELA AVE LOS ANGELES 90066
AMBASSADOR SCH OF GLOBAL ED,3400 WILSHIRE BLVD LOS ANGELES 90010
CITY OF ANGELS,1449 S SAN PEDRO ST LOS ANGELES 90015
MAIN ST ES,129 E 53RD ST LOS ANGELES 90011
JAMES JORDAN MS,7911 WINNETKA AVE WINNETKA 91306
MARINA DEL REY MS,12500 BRADDOCK DR LOS ANGELES 90066
NORTHRIDGE ACADEMY HS,9601 ZELZAH AVE NORTHRIDGE 91330
EAST LA STAR ADULT ED,319 N HUMPHREYS AVE LOS ANGELES 90022
SANTANA ARTS ACAD,9301 N COLUMBUS AVE LOS ANGELES 91343
MAGNOLIA SCI ACAD 6,3754 DUNN DRIVE LOS ANGELES 90034
WALGROVE ES,1630 WALGROVE AVE LOS ANGELES 90066
OBAMA ES,8150 N CEDOS AVE PANORAMA CITY 91402
CASTLEBAY LN ES,19010 CASTLEBAY LN NORTHRIDGE 91326
DANUBE ES,11220 DANUBE AVE GRANADA HILLS 91344
MERIDIAN EEC,6124 RUBY PL LOS ANGELES 90042
WOODCREST ES,1151 W 109TH ST LOS ANGELES 90044
ROWAN ES,600 S ROWAN AVE LOS ANGELES 90023
COEUR D ALENE ES,810 COEUR D'ALENE AVE VENICE 90291
SOLIS LRNG ACAD,319 N HUMPHREYS AVE LOS ANGELES 90022
EXEC PREP ACAD FIN,2506 W IMPERIAL HWY HAWTHORNE 90250
M&O DIST 6 SAT,5115 SOUTHERN AVE LOS ANGELES 90280
WEIGAND ES,10401 WEIGAND AVE LOS ANGELES 90002
ACCELERATED CHARTER,4000 S MAIN ST LOS ANGELES 90037
BRAVO MEDICAL MAG,1200 N CORNWELL ST LOS ANGELES 90033
DOLORES ES,22526 DOLORES ST CARSON 90745
CURTISS MS,1254 E HELMICK ST CARSON 90746
PC-VAL CLS EMP OFF,6505 ZELZAH RESEDA 
MT WASHINGTON ES,3981 SAN RAFAEL AVE LOS ANGELES 90065
LOU DANTZLER PREP CHRTR MS,5029 S VERMONT AVE LOS ANGELES 90037
CASTELAR ES,840 YALE ST LOS ANGELES 90012
"MOORE MATH,SCI AND TECH ACAD",1321 E 61ST ST LOS ANGELES 90001
HESBY OAKS CHRTR,15530 HESBY ST ENCINO 91436
RIORDAN PC,5531 MONTE VISTA ST LOS ANGELES 90042
WRIGHT ENG DES MAG,6550 W 80TH ST LOS ANGELES 90045
MAGNOLIA ACAD SCI #2,17125 VICTORY BLVD LAKE BALBOA 91406
135TH ST ES,801 W 135TH ST GARDENA 90247
28TH ST ES,2807 STANFORD AVE LOS ANGELES 90011
PRESIDENT ES,1465 W 243RD ST HARBOR CITY 90710
PALMS MS,10860 WOODBINE ST LOS ANGELES 90034
SUTTER MS,7330 WINNETKA AVE CANOGA PARK 91306
NEVADA ES,22120 CHASE ST CANOGA PARK 91304
FRIES ES,1301 FRIES AVE WILMINGTON 90744
MIDDLE COLLEGE HS,1600 W IMPERIAL HWY LOS ANGELES 90047
MONTE VISTA ES,5423 MONTE VISTA ST LOS ANGELES 90042
APEX ACADEMY,1309 N WILTON PL HOLLYWOOD 90028
WALNUT PARK MS SCH OF SOC JUST & SERV LRNG,7500 MARBRISA AVE WALNUT PARK 90255
GRAND VIEW ES,3951 GRAND VIEW BLVD LOS ANGELES 90066
SAN PEDRO SCI CTR,2201 BARRYWOOD AVE SAN PEDRO 90731
ENADIA TECH ENR CHRTR,22944 WEST ENADIA WAY CANOGA PARK 91304
JONES ES,900 E 33RD ST LOS ANGELES 90011
FLETCHER DR ES,3350 FLETCHER DR LOS ANGELES 90065
RAMONA HIGH (OPP),231 S ALMA AVE LOS ANGELES 90063
LIZARRAGA ES,401 E 40TH PL LOS ANGELES 90011
WATTS LRNG CTR CHRTR MS,8880 S SAN PEDRO ST LOS ANGELES 90059
MAYWOOD ACADEMY HS,6125 PINE AVE MAYWOOD 90270
RIVERSIDE DR CHRTR,13061 RIVERSIDE DR SHERMAN OAKS 91423
STAFF REL - 14TH ST,716 E 14TH ST LOS ANGELES 90015
NORTH VALLEY OCC CTR,11450 SHARP AVE MISSION HILLS 91345
ESCALANTE ES,4443 LIVE OAK ST CUDAHY 90201
BUSHNELL WAY ES,5507 BUSHNELL WAY LOS ANGELES 90042
GLENFELIZ BLVD ES,3955 GLENFELIZ BLVD LOS ANGELES 90039
HOOPER AVE PC,1280 E 52ND ST LOS ANGELES 90011
SYNERGY KINETICS ACADEMY,1420 E ADAMS BLVD LOS ANGELES 90011
BELLEVUE PC,610 N MICHELTORENA ST LOS ANGELES 90026
GULF ES,828 W \ L\ ST WILMINGTON 90744
ESCUTIA PC,6401 BEAR AVE BELL 90201
FLOURNOY ES,1630 E 111TH ST LOS ANGELES 90059
MAGNOLIA SCI ACAD 7,18355 ROSCOE BLVD NORTHRIDGE 91335
COMMONWEALTH ES,215 S COMMONWEALTH LOS ANGELES 90004
CASTELLANOS ES,1723 W CORDOVA ST LOS ANGELES 90007
SOUTH GATE MS,4100 FIRESTONE BLVD SOUTH GATE 90280
CARVER MS,4410 MC KINLEY AV LOS ANGELES 90011
LOGAN EEC,1712 W MONTANA ST LOS ANGELES 90026
CELERITY DYAD CHRTR,4607 S CENTRAL AVE LOS ANGELES 90011
PUC NUEVA ESPERANZA CHRTR ACAD,1218 4TH ST SAN FERNANDO 91340
WILSHIRE CREST ES,5241 W OLYMPIC BLVD LOS ANGELES 90036
RIVERA LC PUBLIC SERVICE COMM SCHOOL,6100 S CENTRAL AVE LOS ANGELES 90001
MACK ES,3020 S CATALINA ST LOS ANGELES 90007
GERMAIN ACAD FOR ACADEMIC ACHIEVEMENT,20730 GERMAIN ST CHATSWORTH 91311
SALVIN SP ED CTR,1925 BUDLONG AVE LOS ANGELES 90007
BRADDOCK DRIVE ES,4711 INGLEWOOD BL CULVER CITY 90230
HADDON ES,10115 HADDON AVE PACOIMA 91331
HOOVER ES,2726 FRANCIS AVE LOS ANGELES 90005
BURROUGHS MS,600 S MC CADDEN P LOS ANGELES 90005
ROCKDALE VAPA MAG,1303 YOSEMITE DR LOS ANGELES 90041
TERESA HUGHES ES,4242 CLARA ST CUDAHY 90201
NEW LOS ANGELES CHARTER SCHOOL,1919 S BURNSIDE AVE LOS ANGELES 90016
MARQUEZ HS LIBRA ACAD,6361 COTTAGE ST HUNTINGTON PARK 90255
HOLLENBECK MS,2510 E SIXTH ST LOS ANGELES 90023
ROSEMONT ES,421 N ROSEMONT AVE LOS ANGELES 90026
NEWMAN CH NUTR CTR,2310 CHARLOTTE ST LOS ANGELES 90033
HOBART BLVD ES,980 S HOBART BLVD LOS ANGELES 90006
PLAYA DEL REY ES,12221 JUNIETTE ST CULVER CITY 90230
CASTRO MS,1575 W 2ND ST LOS ANGELES 90026
PTA HLTH CTR,1000 W VENICE BLVD LOS ANGELES 90015
DAYTON HEIGHTS ES,607 N WESTMORELAN LOS ANGELES 90004
SOUTH EAST HS,2720 TWEEDY BLVD SOUTH GATE 90280
ASPIRE FIRESTONE ACAD,8929 KAUFFMAN AVE SOUTH GATE 90280
ALLIANCE ENV SCI & TECH HS,2930 FLETCHER DR LOS ANGELES 90065
ALLIANCE DR. OLGA MOHAN HS,644 W 17TH ST LOS ANGELES 90015
BREED ES,2226 E THIRD ST LOS ANGELES 90033
KINDERGARTEN LRN ACD,6555 SYLMAR AVE VAN NUYS 91401
ALAMEDA GARAGE - NFA,6901 S ALAMEDA HUNTINGTON PARK 90001
UNION ES,150 S BURLINGTON AVE LOS ANGELES 90057
SUN VAL GARAGE-NFA,11247 SHERMAN WAY SUN VALLEY 91352
MAGNOLIA SCI ACAD,18238 SHERMAN WAY RESEDA 91335
92ND ST ES,9211 GRAPE ST LOS ANGELES 90002
ADAMS MS,151 W 30TH ST LOS ANGELES 90007
PC-WEST CLS EMP OFF,11380 W GRAHAM PL LOS ANGELES 90064
EMP PREP CTR-WATERS,10925 S CENTRAL AVE LOS ANGELES 90059
GLEDHILL ES,16030 GLEDHILL ST NORTH HILLS 91343
NEW HORIZONS CHRTR ACAD,5955 LANKERSHIM BLVD NORTH HOLLYWOOD 91606
HELIOTROPE ES,5911 WOODLAWN AVE MAYWOOD 90270
CALAHAN COMM CHRTR,18722 KNAPP ST NORTHRIDGE 91324
ANIMO WATTS COLLEGE PREP ACAD,12628 AVALON BLVD. LOS ANGELES 90061
OLGUIN HS,3210 S ALMA ST SAN PEDRO 90731
SF INST APPLD MEDIA,130 N BRAND BLVD SAN FERNANDO 91340
INGENIUM CHRTR MS,22250 ELKWOOD ST CANOGA PARK 91304
LACES MAG,5931 W 18TH ST LOS ANGELES 90035
RILEY HS-CYESIS (EASTSIDE),4505 MULTOMAH ST LOS ANGELES 90032
BARRETT ES,419 W 98TH ST LOS ANGELES 90003
ROGERS CONT HS,14711 GILMORE ST VAN NUYS 91411
"IVY BOUND MATH,SCI & TECH",15355 MORRISON ST SHERMAN OAKS 91403
EXTERA PUBLIC SCHOOL 2,1015 S LORENA ST LOS ANGELES 90023
HOLMES MS,9351 PASO ROBLES AVE NORTHRIDGE 91325
KENNEDY COMMUNITY OF SCHOOLS,3400 WILSHIRE BLVD LOS ANGELES 90010
RUSSELL ES,1263 E FIRESTONE BLVD LOS ANGELES 90001
61ST ST ES,6020 S FIGUEROA ST LOS ANGELES 90003
KIM ACAD,615 S SHATTO PL LOS ANGELES 90005
BERTRAND ES,7021 BERTRAND AVE RESEDA 91335
SIERRA VISTA ES,4342 ALPHA ST LOS ANGELES 90032
HOLLYWOOD PC,1115 TAMARIND AVE LOS ANGELES 90038
LASHON ACAD,7477 KESTER AVE VAN NUYS 91405
HUNTINGTON PARK ES,6055 CORONA AVE HUNTINGTON PARK 90255
ARTS IN ACTION COMM CHRTR,1241 SOTO ST #200 LOS ANGELES 90023
SEPULVEDA GARAGE-NFA,8920 SEPULVEDA BLVD NORTH HILLS 91343
GLOBAL EDUC ACAD,4141 S FIGUEROA ST LOS ANGELES 90037
WASHINGTON PREP HS,10860 S DENKER AVE LOS ANGELES 90047
SOUTHEAST MS,2560 TWEEDY BLVD SOUTH GATE 90280
ALDAMA ES,632 N AVE 50 LOS ANGELES 90042
WHITE ES,2401 WILSHIRE BLV LOS ANGELES 90057
DE LA TORRE JR ES,500 NORTH ISLAND AVE WILMINGTON 90744
ALTA CALIFORNIA ES,14859 W RAYEN ST PANORAMA CITY 91402
N.E.W. CANOGA PARK ES,21425 COHASSET ST CANOGA PARK 91303
SUN VALLEY BSEL MAG,7330 BAKMAN AVE SUN VALLEY 91352
WILSHIRE PARK ES,4063 INGRAHAM ST LOS ANGELES 90005
HUNTINGTON PARK HS,6020 MILES AVE HUNTINGTON PARK 90255
MOSK ES,7335 N LUBAO AVE CANOGA PARK 91306
CELERITY NASCENT CHARTER SCHOOL,4231 4TH AVE LOS ANGELES 90008
HOLLYWOOD HS,1521 N HIGHLAND AVE LOS ANGELES 90028
10TH ST ES,1000 GRATTAN ST LOS ANGELES 90015
BANNING HS,1527 LAKME AVE WILMINGTON 90744
BERT CORONA CHARTER,9400 REMICK AVE PACOIMA 91331
CAMINO NUEVO HS #2,3500 W TEMPLE ST LOS ANGELES 90004
LAFAYETTE PARK PC,310 S LAFAYETTE PARK PL LOS ANGELES 90057
PATHWAYS COMMUNITY CHRTR,8800 S SAN PEDRO ST LOS ANGELES 90003
MONTAGUE ST SCHOOL,13000 MONTAGUE ST PACOIMA 91331
SANTEE EDUCATION COMPLEX,1921 S MAPLE AVE LOS ANGELES 90011-1036
OBAMA GLOBAL PREP ACAD,1700 W 46TH ST LOS ANGELES 90062
HERRICK ES,13350 HERRICK AVE SYLMAR 91342
NAVA LRNG ACAD - SCH ARTS & CULTURE,1420 E ADAMS BLVD LOS ANGELES 90011
OCEAN CHARTER SCHOOL,7400 W MANCHESTER AVE LOS ANGELES 90045
MIRAMONTE ES,1400 E 68TH ST LOS ANGELES 90001
JORDAN HS,2265 E 103RD ST LOS ANGELES 90002
C O-M&O PROJ. UNIT SOUTH,611 JACKSON ST LOS ANGELES 90012
ASPIRE-TATE ACAD,123 W 59TH ST LOS ANGELES 90003
LOS ANGELES ACAD MS,644 E 56TH ST LOS ANGELES 90011
ELA OCC CTR,2100 MARENGO ST LOS ANGELES 90033
ROBERTI EEC,1156 E VERNON AVE LOS ANGELES 90011
HUBBARD ES,13325 HUBBARD ST SYLMAR 91342
JONES PC,1017 W 47TH ST LOS ANGELES 90037
KINGSLEY ES,5200 W VIRGINIA AVE LOS ANGELES 90029
GARDENA HS,1301 W 182ND ST GARDENA 90248
BRIDGES SPAN,825 W 60TH ST LOS ANGELES 90044
HOPE ST ES,7560 STATE ST HUNTINGTON PARK 90255
SHIRLEY ES,19452 HART ST RESEDA 91335
LAMOTTE ES,4410 ORCHARD AVE LOS ANGELES 90037
KING JR ES,3989 S HOBART BLVD LOS ANGELES 90062
KIPP PHILOSOPHERS ACAD,8300 S CENTRAL AVE LOS ANGELES 90001
SUNRISE ES,2821 E SEVENTH ST LOS ANGELES 90023
TULSA ES,10900 HAYVENHURST AVE GRANADA HILLS 91344
NVOC AVIATION CTR,16550 SATICOY ST VAN NUYS 91406
VISTA MS,15060 ROSCOE BLVD VAN NUYS 91402
BUDLONG ES,5940 S BUDLONG AV LOS ANGELES 90044
ALLESANDRO ES,2210 RIVERSIDE DR LOS ANGELES 90039
LOU DANTZLER PREP CHRTR ES,5940 BUDLONG AVE LOS ANGELES 90044
102ND ST EEC,1925 E 102ND ST LOS ANGELES 90002
LAKE ST PRIMARY SCHOOL,135 N LAKE ST LOS ANGELES 90026
LOS ANGELITOS EEC,400 W 9TH ST LOS ANGELES 90015
NEW OPEN WORLD ACAD,3400 WILSHIRE BLVD LOS ANGELES 90010
BRIGHT STAR SECONDARY ACAD,5431 WEST 98TH ST. LOS ANGELES 90045
HUNTINGTON DR ES,4435 N HUNTINGTON DR LOS ANGELES 90062
CONTRERAS SCHOOL OF BUS & TOURISM,322 S LUCAS AVE LOS ANGELES 90017
DIXIE CANYON COMM CHRTR,4220 DIXIE CANYON AVE SHERMAN OAKS 91423
MONROE HS,9229 HASKELL AVE NORTH HILLS 91343
VALLEY ACAD OF ARTS AND SCI,10445 BALBOA BLVD GRANADA HILLS 91344
IVY BOUND ACAD MS 2,20040 PARTHENIA ST NOTHRIDGE 91324
LILLIAN ES,5909 LILLIAN ST LOS ANGELES 90001
LIECHTY MS,650 S UNION AVE LOS ANGELES 90017
ISIC,333 S BEAUDRY AVE 11TH FLOOR LOS ANGELES 90071
OSCEOLA ES,14940 OSCEOLA ST SYLMAR 91342
STEVENSON MS,725 S INDIANA ST LOS ANGELES 90023
ASPIRE-SLAUSON ACAD,123 W 59TH ST LOS ANGELES 90003
AMESTOY ES,1048 W 149TH ST GARDENA 90247
WISDOM ES,1125 E 74TH ST LOS ANGELES 90001
ALLIANCE COLLEGE-READY MS ACAD #9,5886 COMPTON AVE LOS ANGELES 90001
66TH ST ES,6600 S SAN PEDRO LOS ANGELES 90003
CHATSWORTH PARK ES,22005 DEVONSHIRE CHATSWORTH 91311
CELERITY PALMATI CHARTER SCHOOL,6501 LAUREL CANYON BLVD NORTH HOLLYWOOD 91606
BROADOUS EEC,11736 BROMONT AVE PACOIMA 91331
ALLIANCE COLLEGE-READY MS ACAD #8,3651 E 1ST ST LOS ANGELES 90063
BURBANK MS,6460 N FIGUEROA ST LOS ANGELES 90042
CHIME INST SCHWARZENEGGER COMM,19722 COLLIER ST WOODLAND HILLS 91364
STONEY POINT HS,10010 DE SOTO AVE CHATSWORTH 91311
ALLIANCE OUCHI-O'DONOVAN CHRTR HS,5356 S 5TH AVE LOS ANGELES 90043
LE CONTE MS,1316 N BRONSON AVE HOLLYWOOD 90028
HARBOR CITY ES,1508 W 254TH ST HARBOR CITY 90710
METRO CHRTR SCHOOL,320 W 15TH ST LOS ANGELES 90015
LAUREL EEC,8023 WILLOUGHBY AVE LOS ANGELES 90046
NEW DESIGNS - WATTS,12714 S AVALON BLVD LOS ANGELES 90061
MC KINLEY ES,7812 MC KINLEY AVE LOS ANGELES 90001
M&O DIST 4 SAT,3225 LACY ST LOS ANGELES 90031
HARVARD ES,330 N HARVARD BLVD LOS ANGELES 90004
GAGE MS,2880 E GAGE AVE HUNTINGTON PARK 90255
UCLA COMMUNITY SCHOOL,3400 WILSHIRE BLVD LOS ANGELES 90010
EINSTEIN CONT HS,15938 TUPPER ST NORTH HILLS 91343
BAKEWELL PC,8261 S BARING CROSS ST LOS ANGELES 90044
WEST VERNON ES,4312 S GRAND AVE LOS ANGELES 90037
75TH ST ES,142 W 75TH ST LOS ANGELES 90003
DEL AMO ES,21228 WATER ST CARSON 90745
MADISON MS,13000 HART ST NO HOLLYWOOD 91605
CENTER FOR ADVANCED LRNG,4016 S CENTRAL AVE LOS ANGELES 90011
LOCKE COLLEGE PREP ACAD HS,325 E. 111TH ST. 102 B LOS ANGELES 90061
BERNSTEIN HS,1309 N WILTON PL HOLLYWOOD 90028
GRIFFITH JOYNER ES,1963 E 103RD ST LOS ANGELES 90002
24TH ST ES,2055 W 24TH ST LOS ANGELES 90018
ALLIANCE RENEE AND MEYER LUSKIN HS,2941 W 70TH ST LOS ANGELES 90043
DYMALLY HS,8800 S SAN PEDRO DR LOS ANGELES 90003
ALLIANCE MEDIA ARTS & ENT. DESIGN HS,113 S ROWAN AVE LOS ANGELES 90063
BROADWAY ES,1015 LINCOLN BLVD VENICE 90291
CHEREMOYA ES,6017 FRANKLIN AVE LOS ANGELES 90028
DEL OLMO ES,100 N NEW HAMPSHIRE AVE LOS ANGELES 90004
LOS ANGELES ACADEMY OF ARTS AND ENTERPRISE,600 S LA FAYETTE PARK PL LOS ANGELES 90057
LEICHMAN SP ED CTR,19034 GAULT ST RESEDA 91335
SAN JOSE ES,14928 CLYMER ST MISSION HILLS 91345
GRANT HS,13000 OXNARD ST VAN NUYS 91401
PLAINVIEW ACADEMIC CHRTR ACAD,10819 PLAINVIEW AVE TUJUNGA 91042
ELEMENTARY DIST 1,6519 EIGHTH AVE LOS ANGELES 90043
RIDE SMART ACAD,1041 E 46TH ST LOS ANGELES 90011
FREMONT HS,7676 S SAN PEDRO LOS ANGELES 90003
EUCLID ES,806 EUCLID AVE LOS ANGELES 90023
TOWNE ES,18924 TOWNE AVE CARSON 90746
PC-EAST CLS EMP OFF,2114 MARENGO ST LOS ANGELES 90033
HARBOR OCC CTR,740 N PACIFIC AVE SAN PEDRO 90731
ALLIANCE MARC & EVA STERN MATH & SCI,5151 STATE UNIVERSITY DR LOT 7 LOS ANGELES 90032
FISHBURN ES,5701 FISHBURN AVE MAYWOOD 90270
ASPIRE-INSKEEP ACAD,123 W 59TH ST LOS ANGELES 90003
PC-MIDCITIES CLS EMP,944 W 77TH ST LOS ANGELES 90044
STUDENT EMPOWERMENT ACAD,1319 E 41ST ST LOS ANGELES 90011
CHAVEZ ES,5243 OAKLAND ST LOS ANGELES 90032
LULL SP ED CTR,17551 MIRANDA ST ENCINO 91316
CRENSHAW ARTS - TECH,4120 11TH AVE LOS ANGELES 90008
LOS FELIZ STEM MAG,1740 N NEW HAMPSHIRE AVE LOS ANGELES 90027
BEACHY ES,9757 BEACHY AVE ARLETA 91331
ALLIANCE GRM ACAD HS,2023 UNION AVE LOS ANGELES 90007
KENNEDY-SAN FERN AD,11254 GOTHIC AVE GRANADA HILLS 91344
EAGLE ROCK HS,1750 YOSEMITE DR LOS ANGELES 90041
PLATT RANCH ES,5345 WILHELMINA WOODLAND HILLS 91364
MARQUEZ HS HPIAM,6361 COTTAGE ST HUNTINGTON PARK 90255
PARA LOS NI�OS MIDDLE SCHOOL,835 STANFORD AVE LOS ANGELES 90017
HARTE PREP MS,9301 S HOOVER ST LOS ANGELES 90044
CLINTON MS,3500 SOUTH HILL ST LOS ANGELES 90071
PEARY MS,1415 W GARDENA BLVD GARDENA 90247
CANTARA ES,17950 CANTARA ST RESEDA 91335
CHAVEZ LA - TCHR PREP ACAD,1001 ARROYO AVE SAN FERNANDO 91340
ASPIRE PACIFIC COLLEGE PREP ACAD,2565 58TH ST HUNTINGTON PARK 90255
ALLIANCE SMIDT TECH,211 AVE 20 LOS ANGELES 90031
M&O AREA S-1 OFF,6620 11TH AVE LOS ANGELES 90043
EAST VALLEY HS,5525 VINELAND AVE NORTH HOLLYWOOD 91601
VIEW PK PREP ACC HS,5701 S CRENSHAW BLVD LOS ANGELES 90043
PUC LAKEVIEW CHARTER SCH,11465 KAGEL CANYON ST LAKEVIEW TERRACE 91342
WASHINGTON PC,860 W 112TH ST LOS ANGELES 90044
SUN VALLEY HS,9171 TELFAIR AVE SUN VALLEY 91352
ANIMO CHRTR MS #2,810 E 111TH PL LOS ANGELES 90059
ADMIN OFF-SR HS DIV,644 W 17TH ST LOS ANGELES 90015
KING-DREW MED MAG,1601 E 120TH ST LOS ANGELES 90059
MELROSE ES G/HA MAG,731 N DETROIT ST LOS ANGELES 90046
MADISON ES,9820 MADISON AVE LOS ANGELES 90280
SELMA ES,6611 SELMA AVE LOS ANGELES 90028
AURORA ES,1050 E 52ND PL LOS ANGELES 90011
ANIMO VENICE CHT HS,820 BROADWAY ST. LOS ANGELES 90291
ANIMO JACKIE ROBINSON,3500 S HILL ST LOS ANGELES 90007
RAMONA ES,1133 N MARIPOSA AVE LOS ANGELES 90029
MACARTHUR PARK ES FOR THE VISUAL AND PERF ARTS,2300 W 7TH ST LOS ANGELES 90057
COMPTON ES,1515 E 104TH ST LOS ANGELES 90002
VIRGIL MS,152 N VERMONT AVE LOS ANGELES 90004
MSGR OSCAR ROMERO,1157 S BERENDO ST LOS ANGELES 90006
156TH ST ES,2100 W 156TH ST GARDENA 90249
CAHUENGA ES,220 S HOBART BLVD LOS ANGELES 90004
SR EEC #2,4500 FIRESTONE BLVD SOUTH GATE 90280
SHORT ES,12814 MAXELLA AVE LOS ANGELES 90066
BANNEKER SP ED CTR,14024 S SAN PEDRO LOS ANGELES 90061
O MELVENY ES,728 WOODWORTH ST SAN FERNANDO 91340
WEBSTER MS,11330 W GRAHAM PL LOS ANGELES 90064
CLEAR CREEK ED CTR,STAR ROUTE LA CANADA 91011
GRIFFIN ES,2025 GRIFFIN AVE LOS ANGELES 90031
"ALEXANDER,JR. SCIENCE CENTER SCHOOL",3737 S FIGUEROA ST LOS ANGELES 90011
ROYBAL-ALLARD ES,3232 SATURN AVE HUNTINGTON PARK 90255
FORD BLVD ES,1112 S FORD BLVD LOS ANGELES 90022
PURCHE ES,13210 PURCHE AVE GARDENA 90249
LOKRANTZ SP ED CTR,19451 WYANDOTTE ST RESEDA 91335
M&O AREA C-1 OFF,1406 S HIGHLAND AVE LOS ANGELES 90019
LEGACY HS INTERNATIONAL STUDIES LC,5225 TWEEDY BLVD SOUTH GATE 90280
ALLIANCE BAXTER COLLEGE-READY HS,461 W 9TH ST SAN PEDRO 90731
ASPIRE TITAN ACAD,6720 S ALAMEDA ST HUNTINGTON PARK 90255
FIGUEROA ES,510 W 111TH ST LOS ANGELES 90044
LEE MED AND HEALTH SCI MAG,3600 W COUNCIL ST LOS ANGELES 90004
HAWKINS HS CHAS,825 W 60TH ST LOS ANGELES 90044
LAWRENCE MS,10100 VARIEL AVE CHATSWORTH 91311
HAMILTON HS-COMPLEX,2955 S ROBERTSON BLVD LOS ANGELES 90034
DISTRICT ADMIN OFF,333 S BEAUDRY AVE 10TH FLOOR LOS ANGELES 90071
SOTO ES,1020 S SOTO ST LOS ANGELES 90023
MANHATTAN ES,1850 W 96TH ST LOS ANGELES 90047
KIPP RAICES,668 S ATLANTIC BLVD LOS ANGELES 90022
WEST HOLLYWOOD CDS,1049 N FAIRFAX AVE LOS ANGELES 90046
LEGACY HS VAPA,5225 TWEEDY BLVD SOUTH GATE 90280
BRIGHT ES,1771 W 36TH ST LOS ANGELES 90018
PANORAMA CITY ES,8600 KESTER AVE PANORAMA CITY 91402
LAUREL ES,925 N HAYWORTH AVE LOS ANGELES 90046
LA RIVER SCHOOL,2050 SAN FERNANDO RD LOS ANGELES 90065
4TH ST ES,420 S AMALIA AVE LOS ANGELES 90022
SENDAK ES,11414 W TIARA ST NORTH HOLLYWOOD 91601
BETHUNE MS,155 W 69TH ST LOS ANGELES 90003
PUC EXCEL ACADEMY,1855 N MAIN ST LOS ANGELES 90031
CATSKILL ES,23536 CATSKILL AV CARSON 90745
AGGELER CDS,21050 PLUMMER ST CHATSWORTH 91311
EMELITA ACAD CHRTR,17931 HATTERAS ST ENCINO 91316
BELLINGHAM AVE,6728 N BELLINGHAM AVE NO HOLLYWOOD 91601
THE INCUBATOR SCHOOL,7400 W MANCHESTER AVE LOS ANGELES 90045
FRANKLIN ES,1910 N COMMONWEALTH AVE LOS ANGELES 90027
SKL CTR-SP/WIL,920 W 36TH ST BLVD SAN PEDRO 90731
CLEMENTE CHRTR SCHOOL,5701 FISHBURN AVE MAYWOOD 90270
DENA ES,1314 DACOTAH ST LOS ANGELES 90023
CAMINO NUEVO CHRTR #4,1018 MOHAWK ST LOS ANGELES 90026
VICTORIA ES,3320 MISSOURI AVE SOUTH GATE 90280
RICHLAND ES,11562 RICHLAND AVE LOS ANGELES 90064
SAN FERNANDO MS,130 N BRAND BLVD SAN FERNANDO 91340
VAN NUYS ES,6464 SYLMAR AVE VAN NUYS 91401
FRANKLIN HS,820 N AVE 54 LOS ANGELES 90042
VIEW PK PREP CH MS,5010 11TH AVE LOS ANGELES 90043
96TH ST ES,1471 E 96TH ST LOS ANGELES 90002
PARK AVE ES,5027 LIVE OAK ST CUDAHY 90201
UNIVERSITY HS,11800 TEXAS AVE LOS ANGELES 90025
COLUMBUS AVE ES,6700 COLUMBUS AVE VAN NUYS 91405
GLASSELL PARK ES,2211 W AVE 30 LOS ANGELES 90065
ROOSEVELT HS MAG,456 S MATHEWS ST LOS ANGELES 90033
HIGHTECH LA,17111 VICTORY BLVD LAKE BALBOA 91406
59TH ST ES,5939 SECOND AVE LOS ANGELES 90043
COLLINS ES SITE,5717 NORTH RUDNICK AVE WOODLAND HILLS 91364
HAMLIN CHRTR ACAD,22627 HAMLIN ST CANOGA PARK 91307
MILLER ES,830 W 77TH ST LOS ANGELES 90044
GRAHAM ES,8407 S FIR AVE LOS ANGELES 90001
SATURN ES,5360 SATURN ST LOS ANGELES 90019
ROSEWOOD ES,503 N CROFT AVE LOS ANGELES 90048
SOUTH PARK ES,8510 TOWNE AVE LOS ANGELES 90003
WESTWOOD ES,2050 SELBY AVE LOS ANGELES 90025
"COCHRAN,JR. MS",4066 W 17TH ST LOS ANGELES 90019
WEST ADAMS PREP HS,1500 W WASHINGTON BLVD LOS ANGELES 90007
PORT OF LOS ANGELES SH,250 W 5TH ST SAN PEDRO 90731
LANE ES,1500 CESAR CHAVEZ AVE MONTEREY PARK 91754
GABRIELLA CHARTER,1435 LOGAN ST. LOS ANGELES 90026
NEW HEIGHTS CHARTER,2202 W MARTIN LUTHER KING JR LOS ANGELES 90008
ICEF VISTA ES ACAD,4471 INGLEWOOD BLVD LOS ANGELES 90066
VIRGINIA ES,2925 VIRGINIA RD LOS ANGELES 90016
MARSHALL HS,3939 TRACY ST LOS ANGELES 90027
112TH ST ES,1265 E 112TH ST LOS ANGELES 90059
CHASE EEC,8635 COLBATH AVE PANORAMA CITY 91402
OLYMPIC PC,950 S ALBANY ST LOS ANGELES 90015
WEST VAL OCC CTR,6200 WINNETKA AVE WOODLAND HILLS 91367
USC HYBRID HS,350 S FIGUEROA ST LOS ANGELES 90071
SECONDARY CDS,333 S BEAUDRY AVE. 18TH FL LOS ANGELES 90017
WHITE MS,22102 S FIGUEROA CARSON 90745
CITY CHARTER MIDDLE,11625 W PICO BLVD LOS ANGELES 90064
C O-M&O PROJ. UNIT NORTH,21213 VANOWEN CANOGA PARK 91303
LOS FELIZ CHARTER SCHOOLS FOR THE ARTS,2709 MEDIA CENTER DR LOS ANGELES 90065
HAZELTINE ES,7150 HAZELTINE AVE VAN NUYS 91405
LANTERMAN HS,2328 ST JAMES PL LOS ANGELES 90007
DEVONSHIRE ES,10045 NORTH JUMILLA AVE CHATSWORTH 91311
95TH ST ES,1109 W 96TH ST LOS ANGELES 90044
AGGELER HS (OPP),21050 PLUMMER ST CHATSWORTH 91311
LEGACY HS STEAM,5225 TWEEDY BLVD SOUTH GATE 90280
MUIR MS,5929 S VERMONT AVE LOS ANGELES 90044
EMERSON ADULT /WWCAS,8810 EMERSON AVE LOS ANGELES 90045
ORCHARD ACADEMIES #2A,3620 GAGE AVE BELL 90201
WALNUT PARK MS PREP FOR STEM,7500 MARBRISA AVE WALNUT PARK 90255
CANFIELD ES,9233 AIRDROME ST LOS ANGELES 90035
RENAISSANCE ARTS ACD,1800 COLORADO BLVD LOS ANGELES 90041
ICEF VISTA MS ACAD,4471 INGLEWOOD BLVD LOS ANGELES 90066
ASPIRE GATEWAY ACAD,8929 KAUFFMAN AVE SOUTH GATE 90280
ANIMO SOUTH LA,11130 S WESTERN AVE LOS ANGELES 90047
WILLOW ES,2777 WILLOW PL SOUTH GATE 90280
GARZA PC,2705 E HOSTETTER ST LOS ANGELES 90022
CHANDLER LRNG ACAD,14030 WEDDINGTON ST VAN NUYS 91401
ANGELOU COMM HS,300 E 53RD ST LOS ANGELES 90011
SYLMAR LEADERSHIP ACAD SPAN,14550 BLEDSOE ST SYLMAR 91342
RANCHITO ES,7940 RANCHITO AVE PANORAMA CITY 91402
CELERITY OCTAVIA,3010 ESTARA AVE LOS ANGELES 90065
GRANT ES,1530 N WILTON PL LOS ANGELES 90028
SKL CTR-VENICE,611 FIFTH AVE VENICE 90291
M&O AREA S-2 OFF,17729 S FIGUEROA GARDENA 90248
M&O AREA C-3 OFF,1240 S NAOMI AVE LOS ANGELES 90021
GLOBAL EDUC ACAD MS,1374 W 35TH ST LOS ANGELES 90007
MID-CITY PRESCOTT MAGNET,3150 W ADAMS BLVD LOS ANGELES 90018
PC-ORGN EXCEL PROG,1543 SHATTO ST LOS ANGELES 90017
MOUNT GLEASON MS,10965 MT GLEASON AVE SUNLAND 91040
118TH ST ES,144 E 118TH ST LOS ANGELES 90061
PACIFIC BLVD,2660 E 57TH ST HUNTINGTON PARK 90255
MAYWOOD ES,5200 CUDAHY AVE MAYWOOD 90270
ROMER MS,6513 LAUREL CANYON BLVD LOS ANGELES 91606
CENTRAL CITY VALUE,221 N WESTMORELAND LOS ANGELES 90004
93RD ST ES,330 E 93RD ST LOS ANGELES 90003
HAWKINS HS RISE,825 W 60TH ST LOS ANGELES 90044
PARA LOS NI�OS CH,1617 E 7TH ST LOS ANGELES 90021
LOS ANGELES HS,4650 W OLYMPIC BLVD LOS ANGELES 90019
NORMONT ES,1001 W 253RD ST HARBOR CITY 90710
LA LEADERSHIP ACADEMY,2670 GRIFFITH AVE LOS ANGELES 90031
BRENTWOOD SCI MAG,740 GRETNA GREEN WAY LOS ANGELES 90049
68TH ST ES,612 W 68TH ST LOS ANGELES 90044
YORKDALE ES,5657 MERIDIAN ST LOS ANGELES 90042
CELERITY NASCENT CHARTER SCHOOL,3417 W JEFFERSON BLVD LOS ANGELES 90018
SEPULVEDA MS,15330 PLUMMER ST NORTH HILLS 91343
WEST ATHENS ES,1110 W 119TH ST LOS ANGELES 90044
ALLIANCE COLLEGE-READY MS ACAD #4,9719 S MAIN ST LOS ANGELES 90003
WESTMINSTER ES,1010 ABBOT KINNEY BLVD VENICE 90291
31ST DISTRICT PTSA,17445 CANTLAY ST VAN NUYS 91406
PRIMARY ACADEMY FOR SUCCESS,9075 WILLIS AVE PANORAMA CITY 91402
BUCHANAN ST ES,5024 BUCHANAN ST LOS ANGELES 90042
CISNEROS LRNG ACAD,1018 MOHAWK ST LOS ANGELES 90026
BSD-TRANSPORTATION OFFICE,2710 MEDIA CENTER DRIVE LOS ANGELES 90665
GOMPERS MS,234 E 112TH ST LOS ANGELES 90061
EVEREST VALUE SCHOOL,668 S. CATALINA AVE LOS ANGELES 90010
WILMINGTON EEC,1419 YOUNG ST WILMINGTON 90744
GARFIELD HS,5101 E SIXTH ST LOS ANGELES 90022
VISTA CHRTR MS,2900 W TEMPLE ST LOS ANGELES 90026
SAN GABRIEL ES,8628 SAN GABRIEL AVE SOUTH GATE 90280
ALLIANCE SIMON TECH ACAD HS,10720 S WILMINGTON AVE LOS ANGELES 90059
ACAD OF SCI & ENGR,5753 RODEO RD LOS ANGELES 90016
ALLIANCE COLLEGE-READY MS ACAD #5,211 S AVE 20 LOS ANGELES 90031
ALLIANCE COLLEGE-READY ACAD HS #5,4610 S MAIN ST LOS ANGELES 90037
GARR ACAD OF MATHEMATICS & ENTREPRENEURIAL STUDIES,1724 W 53RD ST LOS ANGELES 90062
KIPP EMPOWER ACADEMY,8466 S FIGUEROA ST LOS ANGELES 90003
KIPP LA COLLEGE PREP,2810 WHITTIER BLVD LOS ANGELES 90023
VALLEY CHARTER ES,16514 NORDHOFF ST. NORTH HILLS 91343
ACCELERATED ELEM,1010 E 34TH ST LOS ANGELES 90011
ACCELERATED ELEM,119 E 37TH ST LOS ANGELES 90011
CAMINO NUEVO CHRTR,697 BURLINGTON AVE LOS ANGELES 90057
ACADEMIA MODERNA,2410 BROADWAY AVE WALNUT PARK 90255
CAMINO NUEVO ES #3,1723 W CORDOVA ST LOS ANGELES 90007
KIPP COMIENZA COMM,6410 RITA AVE HUNTINGTON PARK 90255
KIPP COMIENZA COMM,6348 SEVILLE AVE HUNTINGTON PARK 90255
EXTERA PUBLIC SCHOOL,2226 E 3RD ST LOS ANGELES 90033
EXTERA PUBLIC SCHOOL,1942 E 2ND ST LOS ANGELES 90033
APPLE ACAD CHRTR PUBLIC SCH,4920 S WESTERN AVE LOS ANGELES 90062
APPLE ACAD CHRTR PUBLIC SCH,1850 W 96TH ST LOS ANGELES 90047
CITIZENS OF THE WORLD CHRTR 2,5620 DE LONGPRE AVE LOS ANGELES 90028
STELLA ACADEMY CH,5431 W 98TH ST LOS ANGELES 90045
STELLA ACADEMY CH,2636 MANSFIELD AVE LOS ANGELES 90016
PUENTE CHARTER,501 S BOYLE AVE LOS ANGELES 90033
PUENTE CHARTER,10000 S WESTERN AVE LOS ANGELES 90047
GARR ACAD OF MATHEMATICS & ENTREPRENEURIAL STUDIES,5022 S. WESTERN AVE. LOS ANGELES 90062
IVY ACADEMIA,7353 VALLEY CIRCLE BLVD WEST HILLS 91304
IVY ACADEMIA,5461 WINNETKA AVE WINNETKA 91364
KIPP SCHOLAR ACAD,1729 MARTIN LUTHER KING JR BLVD LOS ANGELES 90062
PACOIMA ES,11016 NORRIS AVE PACOIMA 91331
AZALEA ACAD,8929 KAUFMAN AVE SOUTH GATE 90280
PUC LAKEVIEW CHARTER HS,13361 GLENOAKS BLVD SYLMAR 91340
ARARAT CHARTER SCHOOL,13400 ERWIN ST VAN NUYS 91401
ARARAT CHARTER SCHOOL,6555 SYLMAR AVE VAN NUYS 91401
KIPP ACADEMY OF OPP,7019 VAN NESS AVE LOS ANGELES 90047
KIPP ACADEMY OF OPP,8466 FIGUEROA ST LOS ANGELES 90003
CELERITY DYAD CHRTR,4501 S WADSWORTH AVE LOS ANGELES 90011
ENDEAVOR COLLEGE PREP CHRTR,322 S AVE 18 LOS ANGELES 90012
ENDEAVOR COLLEGE PREP CHRTR,1314 DACOTAH ST LOS ANGELES 90023
ENDEAVOR COLLEGE PREP CHRTR,126 BLOOM ST. LOS ANGELES 90012
LARCHMONT CHARTER SCHOOL,815 N EL CENTRO AVE LOS ANGELES 90038
LARCHMONT CHARTER SCHOOL,1265 N FAIRFAX AVE WEST HOLLYWOOD 90046
LARCHMONT CHARTER SCHOOL,6611 SELMA AVE LOS ANGELES 90028
LARCHMONT CHARTER SCHOOL,2801 W 6TH ST LOS ANGELES 90057
MONLUX ES,6051 BELLAIRE AVE NO HOLLYWOOD 91606
ERWIN ES,13400 ERWIN ST VAN NUYS 91401
KITTRIDGE ES,13619 KITTRIDGE ST VAN NUYS 91401
COLDWATER CYN ES,6850 COLDWATER CANYON AVE NO HOLLYWOOD 91605
LOWMAN SP ED CTR,12827 SATICOY ST NO HOLLYWOOD 91605
ROSCOE ES,10765 STRATHERN ST SUN VALLEY 91352
HALE CHRTR ACAD,23830 CALIFA ST WOODLAND HILLS 91367
EL CAMINO REAL HS,5440 VALLEY CIRCLE BLVD WOODLAND HILLS 91367
CALABASH CHRTR ACAD,23055 EUGENE ST WOODLAND HILLS 91364
WOODLAND HILLS CHRTR,22201 SAN MIGUEL ST WOODLAND HILL S 91364
WOODLAKE AVE CHRTR,23231 HATTERAS ST WOODLAND HILLS 91367
AMBLER ES,319 E SHERMAN DR CARSON 90746
1ST ST ES,2820 E FIRST ST LOS ANGELES 90033
GATES ES,3333 MANITOU AVE LOS ANGELES 90031
LASSEN ES,15017 SUPERIOR ST NORTH HILLS 91343
NESTLE AVE CHRTR ES,5060 NESTLE AVE TARZANA 91356
PEREZ SP ED CTR,4540 MICHIGAN AVE LOS ANGELES 90022
PINEWOOD ES,10111 SILVERTON AVE TUJUNGA 91042
ESPERANZA ES,680 LITTLE ST LOS ANGELES 90017
WOODLAND HILLS ACAD,20800 BURBANK BLVD WOODLAND HILLS 91367
TARZANA ES,5726 TOPEKA DR TARZANA 91356
WILBUR CHRTR FOR ENRICHED ACAD,5213 CREBS AVE TARZANA 91356
ENCINO CHRTR ES,16941 ADDISON ST ENCINO 91316
KESTER ES,5353 KESTER AVE VAN NUYS 91411
VAN NUYS MS,5435 VESPER AVE VAN NUYS 91411
LANAI ES,4241 LANAI RD ENCINO 91436
BURBANK ES,12215 ALBERS ST NO HOLLYWOOD 91607
REED MS,4525 IRVINE AVE NO HOLLYWOOD 91602
CARPENTER COMM CHRTR,3909 CARPENTER AV STUDIO CITY 91604
LANKERSHIM ES,5250 BAKMAN AVE NO HOLLYWOOD 91601
TOLUCA LAKE ES,4840 CAHUENGA BLVD NO HOLLYWOOD 91601
OXNARD ES,10912 OXNARD ST NO HOLLYWOOD 91606
RIO VISTA ES,4243 SATSUMA AVE NO HOLLYWOOD 91602
EAGLE ROCK ES,2057 FAIR PARK AVE LOS ANGELES 90041
TOPANGA ES,22075 TOPANGA SCHOOL RD TOPANGA 90290
DORRIS PLACE ES,2225 DORRIS PL LOS ANGELES 90031
GARVANZA ES,317 N AVE 62 LOS ANGELES 90042
ARROYO SECO MUSM SCI,4805 SYCAMORE TERR LOS ANGELES 90042
LATONA ES,4312 BERENICE AVE LOS ANGELES 90031
SERRANIA ES CHRTR,5014 SERRANIA AVE WOODLAND HILLS 91364
TAFT CHRTR,5461 WINNETKA AVE WOODLAND HILLS 91364
QUEEN ANNE ES,1212 QUEEN ANNE PL LOS ANGELES 90019
CIENEGA ES,2611 S ORANGE DR LOS ANGELES 90016
WIDNEY HS,2302 S GRAMERCY P LOS ANGELES 90018
COLFAX ES,11724 ADDISON ST NO HOLLYWOOD 91607
VINE ES,955 N VINE ST LOS ANGELES 90038
MARINA EEC,4908 WESTLAWN AVE LOS ANGELES 90066
OLIVE VISTA MS,14600 TYLER ST SYLMAR 91342
DYER ES,14500 DYER ST SYLMAR 91342
GLENWOOD ES,8001 LEDGE AVE SUN VALLEY 91352
SAN FERNANDO HS,11133 O'MELVENY AVE SAN FERNANDO 91340
CHASE ES,14041 CHASE ST PANORAMA CITY 91402
SOLANO ES,615 SOLANO AVE LOS ANGELES 90012
VAN GOGH CHRTR,17160 VAN GOGH ST GRANADA HILLS 91344
EL ORO WAY FOR ENR STUDIES,12230 EL ORO WAY GRANADA HILLS 91344
FROST MS,12314 BRADFORD PL GRANADA HILLS 91344
EL DORADO ES,12749 EL DORADO AVE SYLMAR 91342
SYLMAR ES,13291 PHILLIPPI AVE SYLMAR 91342
HARDING ES,13060 HARDING ST SYLMAR 91342
GRIDLEY ES,1907 EIGHTH ST SAN FERNANDO 91340
BROADOUS ES,12561 FILMORE ST PACOIMA 91331
ALEXANDRIA AVE ES,4211 OAKWOOD AVE LOS ANGELES 90004
ANN ES,126 E BLOOM ST LOS ANGELES 90012
ALBION ST ES,322 S AVE 18 LOS ANGELES 90031
3RD ST ES,201 S JUNE ST LOS ANGELES 90004
ATWATER ES,3271 SILVER LAKE BLVD LOS ANGELES 90039
IRVING MME MAG,3010 ESTARA AVE LOS ANGELES 90065
LORETO ES,3408 ARROYO SECO AVE LOS ANGELES 90065
PALMS ES,3520 MOTOR AVE LOS ANGELES 90034
FAIRFAX HS,7850 MELROSE AVE LOS ANGELES 90046
CANYON ES,421 ENTRADA DR SANTA MONICA 90402
BROCKTON ES,1309 ARMACOST AVE LOS ANGELES 90025
BEETHOVEN ES,3711 BEETHOVEN ST LOS ANGELES 90066
VENICE HS,13000 VENICE BLVD LOS ANGELES 90066
STONER ES,11735 BRADDOCK DR CULVER CITY 90230
HOOPER ES,1225 E 52ND ST LOS ANGELES 90011
MIDDLETON ES,6537 MALABAR ST HUNTINGTON PARK 90255
PALISADES CH HS,15777 BOWDOIN ST PACIFIC PALISADES 90272
DOWNTWN BUSINESS MAG,1081 W TEMPLE ST LOS ANGELES 90012
HARRISON ST ES,3529 CITY TERRACE DR LOS ANGELES 90063
NUEVA VISTA ES,4412 RANDOLPH ST BELL 90201
ELIZABETH LC,4811 ELIZABETH ST CUDAHY 90201
NEWCASTLE ES,6520 NEWCASTLE AVE RESEDA 91335
PASEO DEL REY NAT SC,7751 PASEO DEL REY PLAYA DEL REY 90293
VALLEY ALTERN MAG,6701 BALBOA BLVD VAN NUYS 91406
COWAN ES,7615 COWAN AVE LOS ANGELES 90045
WESTPORT HTS ES,6011 W 79TH ST LOS ANGELES 90045
DORSEY HS,3537 FARMDALE AVE LOS ANGELES 90016
KENTWOOD ES,8401 EMERSON AVE LOS ANGELES 90045
COLISEUM ES,4400 COLISEUM ST LOS ANGELES 90016
MARLTON SP ED,4000 SANTO TOMAS DR LOS ANGELES 90008
BERENDO MS,1157 S BERENDO ST LOS ANGELES 90006
MAGNOLIA ES,1626 S ORCHARD AV LOS ANGELES 90006
BALDWIN HILLS ES,5421 RODEO RD LOS ANGELES 90016
54TH ST ES,5501 S EILEEN AVE LOS ANGELES 90043
EASTMAN ES,4112 E OLYMPIC BL LOS ANGELES 90023
SAN ANTONIO ES,6222 STATE ST HUNTINGTON PARK 90255
WALNUT PARK ES,2642 OLIVE ST HUNTINGTON PARK 90255
122ND ST ES,405 E 122ND ST LOS ANGELES 90061
HILLCREST DR ES,4041 HILLCREST DR LOS ANGELES 90008
MEYLER ES,1123 W 223RD ST TORRANCE 90502
FLEMING MS,25425 WALNUT ST LOMITA 90717
CRESTWOOD ST ES,1946 W CRESTWOOD ST RANCHO PALOS VERDES 90275
SAN PEDRO HS,1001 W 15TH ST SAN PEDRO 90731
WONDERLAND ES,8510 WONDERLAND AVE LOS ANGELES 90046
WEST HOLLYWOOD ES,970 N HAMMOND ST WEST HOLLYWOOD 90069
BANCROFT MS,929 N LAS PALMAS AVE LOS ANGELES 90038
VAN NESS ES,501 N VAN NESS AVE LOS ANGELES 90004
BANDINI ES,425 N BANDINI ST SAN PEDRO 90731
IVANHOE ES,2828 HERKIMER ST LOS ANGELES 90039
LOGAN ES,1711 W MONTANA ST LOS ANGELES 90026
LOCKWOOD ES,4345 LOCKWOOD AVE LOS ANGELES 90029
ELYSIAN HEIGHTS ES,1562 BAXTER ST LOS ANGELES 90026
NIGHTINGALE MS,3311 N FIGUEROA ST LOS ANGELES 90065
KENTER CANYON ES,645 N KENTER AVE LOS ANGELES 90049
MARQUEZ ES,16821 MARQUEZ AVE PACIFIC PALISADES 90272
PACIFIC PALISADES ES,800 VIA DE LA PAZ PACIFIC PALISADES 90272
REVERE MS,1450 ALLENFORD AVE LOS ANGELES 90049
OVERLAND ES,10650 ASHBY AVE LOS ANGELES 90064
CRESCENT MAG,1661 S CRESCENT HTS BLVD LOS ANGELES 90035
CARTHAY ES OF ENV STUDIES MAG,6351 W OLYMPIC BL LOS ANGELES 90048
HANCOCK PARK ES,408 S FAIRFAX AVE LOS ANGELES 90036
WILSON HS,4500 MULTNOMAH ST LOS ANGELES 90032
MURCHISON ES,1501 MURCHISON ST LOS ANGELES 90033
2ND ST ES,1942 E SECOND ST LOS ANGELES 90033
ROOSEVELT HS,456 S MATHEWS ST LOS ANGELES 90033
KENNEDY ES,4010 E RAMBOZ DR LOS ANGELES 90063
CITY TERRACE ES,4350 CITY TERRACE DR LOS ANGELES 90063
FOSHAY LC,3751 S HARVARD BLVD LOS ANGELES 90018
BRADLEY GLBL AWR MAG,3875 DUBLIN AVE LOS ANGELES 90008
NORMANDIE ES,4505 S RAYMOND AVE LOS ANGELES 90037
ANGELES MESA ES,2611 W 52ND ST LOS ANGELES 90043
WINDSOR M/S AERO MAG,5215 OVERDALE DR LOS ANGELES 90043
YES ACADEMY,3140 HYDE PARK BLVD LOS ANGELES 90043
32ND/USC PER ART MAG,822 W 32ND ST LOS ANGELES 90007
MENLO ES,4156 MENLO AVE LOS ANGELES 90037
52ND ST ES,816 W 51ST ST LOS ANGELES 90037
JOHNSON HS (OPP),5755 FOUNTAIN AVE LOS ANGELES 90028
49TH ST ES,750 E 49TH ST LOS ANGELES 90011
WADSWORTH ES,981 E 41ST ST LOS ANGELES 90011
TRINITY ES,3736 TRINITY ST LOS ANGELES 90011
20TH ST ES,1353 E 20TH ST LOS ANGELES 90011
ASCOT ES,1447 E 45TH ST LOS ANGELES 90011
HAWAIIAN ES,540 HAWAIIAN AVE WILMINGTON 90744
LOMA VISTA ES,3629 E 58TH ST MAYWOOD 90270
CORONA ES,3825 BELL AVE BELL 90201
WOODLAWN ES,6314 WOODLAWN AVE BELL 90201
74TH ST ES,2112 W 74TH ST LOS ANGELES 90047
RAYMOND AVE ES,7511 RAYMOND AVE LOS ANGELES 90044
LA SALLE ES,8715 LA SALLE AVE LOS ANGELES 90047
CIMARRON ES,11559 CIMARRON AVE HAWTHORNE 90250
107TH ST ES,147 E 107TH ST LOS ANGELES 90003
99TH ST ES,9900 S WADSWORTH AVE LOS ANGELES 90002
RILEY HS-CYESIS (BLANDING),1524 E 103RD ST LOS ANGELES 90022
MARKHAM MS,1650 E 104TH ST LOS ANGELES 90002
GRAPE ES,1940 E 111TH ST LOS ANGELES 90059
RITTER ES,11108 WATTS AVE LOS ANGELES 90059
LIBERTY ES,2728 LIBERTY BLVD SOUTH GATE 90280
MONTARA AVE ES,10018 MONTARA AVE SOUTH GATE 90280
SAN MIGUEL ES,9801 SAN MIGUEL AVE SOUTH GATE 90280
BRYSON ES,4470 MISSOURI AVE SOUTH GATE 90280
TWEEDY ES,9515 PINEHURST AVE SOUTH GATE 90280
CLAY MS,12226 S WESTERN AVE LOS ANGELES 90047
CHAPMAN ES,1947 MARINE AVE GARDENA 90249
153RD ST ES,1605 W 153RD ST GARDENA 90247
DENKER ES,1620 W 162ND ST GARDENA 90247
AVALON GARDENS ES,13940 S SAN PEDRO LOS ANGELES 90061
186TH ST ES,1581 W 186TH ST GARDENA 90248
HALLDALE ES,21514 HALLDALE AVE TORRANCE 90501
LOS ANGELES ES,1211 S HOBART BLVD LOS ANGELES 90006
NORWOOD ES,2020 OAK ST LOS ANGELES 90007
METROPOLITAN HS,727 S WILSON ST LOS ANGELES 90021
9TH ST,835 STANFORD AVE LOS ANGELES 90021
UTAH ES,255 GABRIEL GARCIA MARQUEZ ST LOS ANGELES 90033
GRATTS LRNG ACAD FOR YOUNG SCHOLARS,309 LUCAS AVE LOS ANGELES 90017
LINCOLN HS,3501 N BROADWAY LOS ANGELES 90031
MULTNOMAH ES,2101 N INDIANA AVE LOS ANGELES 90032
FARMDALE ES,2660 RUTH SWIGGETT DR LOS ANGELES 90032
EL SERENO ES,3838 ROSEMEAD AVE LOS ANGELES 90032
LORENA ES,1015 S LORENA ST LOS ANGELES 90023
MALABAR ES,3200 E MALABAR ST LOS ANGELES 90063
6TH AVE ES,3109 SIXTH AVE LOS ANGELES 90018
CLOVER ES,11020 CLOVER AVE LOS ANGELES 90034
CASTLE HTS ES,9755 CATTARAUGUS AVE LOS ANGELES 90034
VALLEY VIEW ES,6921 WOODROW WILSON DR LOS ANGELES 90068
MORNINGSIDE ES,576 N MACLAY AVE SAN FERNANDO 91340
VAUGHN NEXT CENT LC,13330 VAUGHN ST SAN FERNANDO 91340
SAN FERNANDO ES,1130 MOTT ST SAN FERNANDO 91340
CHATSWORTH CHRTR,10027 LURLINE AVE CHATSWORTH 91311
SUPERIOR ES,9756 OSO AVE CHATSWORTH 91311
NOBEL MS,9950 TAMPA AVE NORTHRIDGE 91324
KENNEDY HS,11254 GOTHIC AVE GRANADA HILLS 91344
GRANADA ES COMM CHRTR,17170 TRIBUNE ST GRANADA HILLS 91344
HENRY MS,17340 SAN JOSE ST GRANADA HILLS 91344
DEARBORN CHRTR ACAD,9240 WISH AVE NORTHRIDGE 91325
PLUMMER ES,9340 NOBLE AVE NO HOLLYWOOD 91343
VINTAGE MATH/SCI MAG,15848 STARE ST NO HOLLYWOOD 91343
CANTERBURY ES,13670 MONTAGUE ST ARLETA 91331
VENA ES,9377 VENA AVE LOS ANGELES 91331
FERNANGELES ES,12001 ART ST SUN VALLEY 91352
TELFAIR ES,10975 TELFAIR AVE PACOIMA 91331
MACLAY MS,12540 PIERCE AVE PACOIMA 91331
BRAINARD ES,11407 BRAINARD AV LAKE VIEW TERRACE 91342
SUNLAND ES,8350 HILLROSE ST SUNLAND 91040
VERDUGO HILLS HS,10625 PLAINVIEW AVE TUJUNGA 91042
APPERSON ES,10233 WOODWARD AVE SUNLAND 91040
VINEDALE ES,10150 LA TUNA CANYON RD SUN VALLEY 91352
STONEHURST ES,9851 STONEHURST AVE SUN VALLEY 91352
MOUNTAIN VIEW ES,6410 OLCOTT ST TUJUNGA 91042
JUSTICE ST ACAD CHRTR,23350 JUSTICE ST CANOGA PARK 91304
CAPISTRANO ES,8118 CAPISTRANO AVE CANOGA PARK 91304
COLUMBUS MS,22250 ELKWOOD ST CANOGA PARK 91304
CANOGA PARK ES,7438 TOPANGA CANY CANOGA PARK 91303
CANOGA PARK HS,6850 TOPANGA CYN BLVD CANOGA PARK 91303
SUNNY BRAE ES,20620 ARMINTA ST WINNETKA 91306
WINNETKA ES,8240 WINNETKA AVE CANOGA PARK 91306
MELVIN ES,7700 MELVIN AVE RESEDA 91335
CLEVELAND CHRTR,8140 VANALDEN AVE RESEDA 91335
J MILLER CAREER/TRANSITION CTR,8218 VANALDEN AVE RESEDA 91335
NAPA ES,19010 NAPA ST NORTHRIDGE 91324
LIMERICK ES,8530 LIMERICK AVE CANOGA PARK 91306
FULLBRIGHT ES,6940 FULLBRIGHT AVE CANOGA PARK 91306
WELBY WAY CHRTR,23456 WELBY WAY CANOGA PARK 91307
HAYNES CHRTR FOR ENRICHED STUDIES,6624 LOCKHURST DR WEST HILLS 91307
LOCKHURST DR CHRTR,6170 LOCKHURST DR WOODLAND HILLS 91367
POMELO COMM CHRTR,7633 MARCH AVE CANOGA PARK 91304
BLYTHE ES,18730 BLYTHE ST RESEDA 91335
RESEDA ES,7265 AMIGO AVE RESEDA 91335 
